,Date,Season,Round,home,visitor,home_pos,visitor_pos,spi1,spi2,win%,draw%,loss%,home_form,visitor_form,importance1,importance2,xG1,xG2,proj_score1,proj_score2,home_result,score1,score2,win_prob,draw_prob,loss_prob
1140,2019-08-09,2019,1,Liverpool,Norwich City,3.0,16.0,92.88,62.33,0.7,0.2,0.1,1.4,1.4,49.1,42.6,1.65,0.88,2.84,0.34,win,4.0,1.0,1,0,0
1141,2019-08-10,2019,1,West Ham United,Manchester City,20.0,1.0,69.97,94.24,0.1,0.2,0.7,1.4,1.4,23.4,76.1,1.27,2.99,0.82,2.52,loss,0.0,5.0,0,0,1
1142,2019-08-10,2019,1,Watford,Brighton & Hove Albion,18.0,4.0,67.64,62.74,0.4,0.4,0.2,1.4,1.4,31.3,38.8,0.73,0.74,1.67,1.05,loss,0.0,3.0,0,0,1
1143,2019-08-10,2019,1,Crystal Palace,Everton,10.0,11.0,71.02,78.66,0.1,0.5,0.4,1.4,1.4,21.5,35.8,0.88,1.42,1.33,1.38,draw,0.0,0.0,0,1,0
1144,2019-08-10,2019,1,Burnley,Southampton,5.0,17.0,67.63,68.57,0.3,0.5,0.2,1.4,1.4,32.8,26.0,0.97,1.16,1.53,1.2,win,3.0,0.0,1,0,0
1145,2019-08-10,2019,1,AFC Bournemouth,Sheffield United,8.0,9.0,69.61,61.84,0.0,0.0,1.0,1.4,1.4,29.3,38.2,1.46,1.28,1.8,1.02,draw,1.0,1.0,0,1,0
1146,2019-08-10,2019,1,Tottenham Hotspur,Aston Villa,6.0,15.0,85.07,64.64,0.6,0.2,0.2,1.4,1.4,61.8,32.3,3.09,0.69,2.18,0.62,win,3.0,1.0,1,0,0
1147,2019-08-11,2019,1,Newcastle United,Arsenal,14.0,7.0,70.33,79.72,0.1,0.2,0.7,1.4,1.4,24.2,47.9,0.38,0.91,1.33,1.65,loss,0.0,1.0,0,0,1
1148,2019-08-11,2019,1,Leicester City,Wolverhampton Wanderers,12.0,13.0,75.28,74.05,0.6,0.3,0.1,1.4,1.4,25.8,22.7,0.67,0.51,1.48,1.04,draw,0.0,0.0,0,1,0
1149,2019-08-11,2019,1,Manchester United,Chelsea,2.0,19.0,79.99,85.88,0.3,0.6,0.1,1.4,1.4,53.5,61.0,2.34,1.27,1.48,1.52,win,4.0,0.0,1,0,0
1150,2019-08-17,2019,2,Arsenal,Burnley,2.0,10.0,80.42,68.31,1.0,0.0,0.0,3.0,3.0,50.3,22.0,1.26,1.33,2.1,0.93,win,2.0,1.0,1,0,0
1151,2019-08-17,2019,2,Aston Villa,AFC Bournemouth,17.0,7.0,64.1,69.08,0.5,0.0,0.5,0.0,1.0,42.8,26.7,2.11,1.64,1.48,1.37,loss,1.0,2.0,0,0,1
1152,2019-08-17,2019,2,Norwich City,Newcastle United,11.0,18.0,63.1,70.04,0.5,0.375,0.125,0.0,0.0,43.0,31.6,1.4,0.63,1.26,1.14,win,3.0,1.0,1,0,0
1153,2019-08-17,2019,2,Southampton,Liverpool,19.0,1.0,67.97,92.4,0.3,0.1,0.6,0.0,3.0,29.8,47.3,1.97,1.8,0.96,2.32,loss,1.0,2.0,0,0,1
1154,2019-08-17,2019,2,Everton,Watford,9.0,20.0,79.14,66.14,0.625,0.375,0.0,1.0,0.0,29.5,29.7,0.78,1.04,1.83,0.9,win,1.0,0.0,1,0,0
1155,2019-08-17,2019,2,Brighton & Hove Albion,West Ham United,5.0,16.0,64.36,69.09,0.6666666666666666,0.16666666666666666,0.16666666666666666,3.0,0.0,38.0,26.9,2.26,0.51,1.39,1.27,draw,1.0,1.0,0,1,0
1156,2019-08-17,2019,2,Manchester City,Tottenham Hotspur,3.0,6.0,94.37,85.29,0.8,0.1,0.1,3.0,3.0,81.9,59.9,3.52,0.17,2.21,0.8,draw,2.0,2.0,0,1,0
1157,2019-08-18,2019,2,Sheffield United,Crystal Palace,8.0,14.0,62.64,71.0,0.6,0.1,0.3,1.0,1.0,43.9,24.4,2.01,0.27,1.28,1.26,win,1.0,0.0,1,0,0
1158,2019-08-18,2019,2,Chelsea,Leicester City,15.0,12.0,84.6,75.41,0.6,0.2,0.2,0.0,1.0,64.5,28.6,1.2,1.1,1.89,0.84,draw,1.0,1.0,0,1,0
1159,2019-08-19,2019,2,Wolverhampton Wanderers,Manchester United,13.0,4.0,74.35,81.35,0.625,0.0,0.375,1.0,3.0,19.0,56.5,0.29,1.2,1.26,1.49,draw,1.0,1.0,0,1,0
1160,2019-08-23,2019,3,Aston Villa,Everton,16.0,12.0,64.23,78.57,0.3,0.4,0.3,0.0,2.0,39.9,34.2,0.58,1.44,1.12,1.37,win,2.0,0.0,1,0,0
1161,2019-08-24,2019,3,Norwich City,Chelsea,17.0,13.0,64.26,84.09,0.2,0.4,0.4,1.5,0.5,34.5,57.4,0.93,1.91,1.02,1.81,loss,2.0,3.0,0,0,1
1162,2019-08-24,2019,3,Sheffield United,Leicester City,9.0,4.0,63.78,76.13,0.5,0.125,0.375,2.0,1.0,40.0,22.2,0.8,0.83,1.13,1.26,loss,1.0,2.0,0,0,1
1163,2019-08-24,2019,3,Manchester United,Crystal Palace,5.0,10.0,81.86,70.22,0.7,0.2,0.1,2.0,0.5,56.1,22.6,2.54,0.73,2.03,0.88,loss,1.0,2.0,0,0,1
1164,2019-08-24,2019,3,Brighton & Hove Albion,Southampton,8.0,18.0,65.23,68.94,0.14285714285714285,0.2857142857142857,0.5714285714285714,2.0,0.0,37.7,31.6,1.22,1.85,1.37,1.2,loss,0.0,2.0,0,0,1
1165,2019-08-24,2019,3,Watford,West Ham United,20.0,14.0,67.17,68.3,0.3,0.3,0.4,0.0,0.5,38.0,27.6,2.22,3.25,1.63,1.29,loss,1.0,3.0,0,0,1
1166,2019-08-24,2019,3,Liverpool,Arsenal,1.0,3.0,91.91,79.81,0.5,0.3,0.2,3.0,3.0,62.6,59.4,3.01,0.83,2.34,1.02,win,3.0,1.0,1,0,0
1167,2019-08-25,2019,3,AFC Bournemouth,Manchester City,11.0,2.0,68.67,94.54,0.0,0.16666666666666666,0.8333333333333334,2.0,2.0,19.5,68.6,1.99,3.36,0.85,2.74,loss,1.0,3.0,0,0,1
1168,2019-08-25,2019,3,Tottenham Hotspur,Newcastle United,7.0,19.0,84.92,68.71,0.7,0.0,0.3,2.0,0.0,66.3,31.7,1.73,0.53,2.08,0.68,loss,0.0,1.0,0,0,1
1169,2019-08-25,2019,3,Wolverhampton Wanderers,Burnley,15.0,6.0,74.08,68.99,0.6,0.1,0.3,1.0,1.5,19.7,24.0,1.51,1.49,1.5,0.97,draw,1.0,1.0,0,1,0
1170,2019-08-31,2019,4,Southampton,Manchester United,13.0,8.0,69.85,81.82,0.0,0.4,0.6,1.0,1.3333333333333333,24.7,51.6,0.78,1.82,1.26,1.69,draw,1.0,1.0,0,1,0
1171,2019-08-31,2019,4,Leicester City,AFC Bournemouth,3.0,15.0,76.34,68.59,0.5,0.5,0.0,1.6666666666666667,1.3333333333333333,32.8,23.0,1.75,0.56,1.8,1.1,win,3.0,1.0,1,0,0
1172,2019-08-31,2019,4,Crystal Palace,Aston Villa,4.0,18.0,70.22,64.61,0.5,0.4,0.1,1.3333333333333333,1.0,26.0,38.5,1.59,0.37,1.6,1.02,win,1.0,0.0,1,0,0
1173,2019-08-31,2019,4,Newcastle United,Watford,14.0,20.0,69.56,65.98,0.6,0.1,0.3,1.0,0.0,32.7,39.6,1.33,1.14,1.56,1.15,draw,1.0,1.0,0,1,0
1174,2019-08-31,2019,4,Chelsea,Sheffield United,11.0,10.0,84.31,63.46,0.5,0.16666666666666666,0.3333333333333333,1.3333333333333333,1.3333333333333333,59.0,38.2,2.35,1.1,2.2,0.58,draw,2.0,2.0,0,1,0
1175,2019-08-31,2019,4,Manchester City,Brighton & Hove Albion,2.0,16.0,94.68,64.45,1.0,0.0,0.0,2.3333333333333335,1.3333333333333333,62.5,39.8,2.4,1.07,3.03,0.22,win,4.0,0.0,1,0,0
1176,2019-08-31,2019,4,West Ham United,Norwich City,7.0,19.0,68.63,63.58,0.5,0.5,0.0,1.3333333333333333,1.0,31.3,37.8,2.11,1.3,1.74,1.11,win,2.0,0.0,1,0,0
1177,2019-08-31,2019,4,Burnley,Liverpool,12.0,1.0,69.73,92.14,0.2222222222222222,0.1111111111111111,0.6666666666666666,1.3333333333333333,3.0,23.6,58.5,0.42,1.39,0.96,2.26,loss,0.0,3.0,0,0,1
1178,2019-09-01,2019,4,Everton,Wolverhampton Wanderers,6.0,17.0,78.37,73.38,0.42857142857142855,0.2857142857142857,0.2857142857142857,1.3333333333333333,1.0,32.0,21.4,1.53,2.21,1.46,0.83,win,3.0,2.0,1,0,0
1179,2019-09-01,2019,4,Arsenal,Tottenham Hotspur,5.0,9.0,79.36,84.49,0.6,0.3,0.1,2.0,1.3333333333333333,62.6,60.8,2.43,2.1,1.58,1.52,draw,2.0,2.0,0,1,0
1180,2019-09-14,2019,5,Liverpool,Newcastle United,1.0,18.0,92.6,69.14,0.8,0.2,0.0,3.0,1.0,63.5,25.3,3.18,0.34,2.61,0.36,win,3.0,1.0,1,0,0
1181,2019-09-14,2019,5,Tottenham Hotspur,Crystal Palace,3.0,12.0,83.73,71.06,0.7,0.2,0.1,1.25,1.75,61.3,23.2,1.36,0.72,2.05,0.82,win,4.0,0.0,1,0,0
1182,2019-09-14,2019,5,Wolverhampton Wanderers,Chelsea,19.0,6.0,73.43,83.5,0.42857142857142855,0.0,0.5714285714285714,0.75,1.25,21.2,57.4,1.55,2.52,1.21,1.6,loss,2.0,5.0,0,0,1
1183,2019-09-14,2019,5,Brighton & Hove Albion,Burnley,16.0,14.0,64.86,69.1,0.2,0.4,0.4,1.0,1.0,44.2,27.6,1.54,0.48,1.35,1.14,draw,1.0,1.0,0,1,0
1184,2019-09-14,2019,5,Manchester United,Leicester City,4.0,5.0,82.17,76.73,0.9,0.1,0.0,1.25,2.0,60.9,43.1,1.12,0.69,1.76,0.99,win,1.0,0.0,1,0,0
1185,2019-09-14,2019,5,Sheffield United,Southampton,15.0,10.0,64.23,69.57,0.5,0.25,0.25,1.25,1.0,44.0,28.7,2.0,1.64,1.33,1.19,loss,0.0,1.0,0,0,1
1186,2019-09-14,2019,5,Norwich City,Manchester City,13.0,2.0,62.87,94.69,0.2,0.4,0.4,0.75,2.5,40.4,68.6,1.53,2.61,0.71,2.72,win,3.0,2.0,1,0,0
1187,2019-09-15,2019,5,AFC Bournemouth,Everton,9.0,11.0,68.07,77.62,0.3333333333333333,0.5,0.16666666666666666,1.0,1.75,28.6,31.2,1.34,1.59,1.44,1.5,win,3.0,1.0,1,0,0
1188,2019-09-15,2019,5,Watford,Arsenal,20.0,7.0,66.62,79.93,0.125,0.0,0.875,0.25,1.75,38.9,46.4,3.03,0.86,1.45,1.9,draw,2.0,2.0,0,1,0
1189,2019-09-16,2019,5,Aston Villa,West Ham United,17.0,8.0,64.02,69.4,0.5,0.3,0.2,0.75,1.75,42.5,23.8,1.47,0.57,1.45,1.34,draw,0.0,0.0,0,1,0
1190,2019-09-20,2019,6,Southampton,AFC Bournemouth,13.0,6.0,69.83,68.53,0.5714285714285714,0.42857142857142855,0.0,1.4,1.4,22.4,26.1,2.59,1.28,1.69,1.35,loss,1.0,3.0,0,0,1
1191,2019-09-21,2019,6,Leicester City,Tottenham Hotspur,3.0,7.0,77.09,84.19,0.3,0.1,0.6,1.6,1.6,40.3,65.9,1.27,1.52,1.25,1.45,win,2.0,1.0,1,0,0
1192,2019-09-21,2019,6,Everton,Sheffield United,14.0,10.0,77.18,63.99,0.5,0.0,0.5,1.4,1.0,25.3,42.4,1.09,0.33,1.68,0.78,loss,0.0,2.0,0,0,1
1193,2019-09-21,2019,6,Manchester City,Watford,2.0,20.0,94.87,68.34,0.9,0.1,0.0,2.0,0.4,70.3,29.7,7.07,0.28,3.24,0.46,win,8.0,0.0,1,0,0
1194,2019-09-21,2019,6,Burnley,Norwich City,9.0,16.0,68.65,64.42,0.7777777777777778,0.1111111111111111,0.1111111111111111,1.0,1.2,33.5,37.0,2.42,0.75,1.57,1.06,win,2.0,0.0,1,0,0
1195,2019-09-21,2019,6,Newcastle United,Brighton & Hove Albion,17.0,15.0,68.53,65.56,0.16666666666666666,0.3333333333333333,0.5,0.8,1.0,39.4,43.9,0.82,1.4,1.41,0.94,draw,0.0,0.0,0,1,0
1196,2019-09-22,2019,6,Crystal Palace,Wolverhampton Wanderers,12.0,19.0,70.51,71.4,0.3,0.2,0.5,1.4,0.6,25.9,28.9,0.96,1.67,1.43,1.12,draw,1.0,1.0,0,1,0
1197,2019-09-22,2019,6,West Ham United,Manchester United,5.0,8.0,69.7,82.34,0.3,0.4,0.3,1.6,1.6,19.5,54.7,0.52,1.26,1.24,1.7,win,2.0,0.0,1,0,0
1198,2019-09-22,2019,6,Chelsea,Liverpool,11.0,1.0,84.09,92.4,0.4,0.4,0.2,1.6,3.0,67.6,76.7,1.76,1.28,1.43,1.82,loss,1.0,2.0,0,0,1
1199,2019-09-22,2019,6,Arsenal,Aston Villa,4.0,18.0,79.23,64.34,0.7,0.0,0.3,1.6,0.8,47.4,41.2,2.34,1.8,2.15,0.88,win,3.0,2.0,1,0,0
1200,2019-09-28,2019,7,Sheffield United,Liverpool,12.0,1.0,65.05,92.43,0.42857142857142855,0.42857142857142855,0.14285714285714285,1.4,3.0,33.7,69.3,1.25,2.28,0.77,2.29,loss,0.0,1.0,0,0,1
1201,2019-09-28,2019,7,AFC Bournemouth,West Ham United,8.0,5.0,68.56,70.23,0.6,0.2,0.2,1.8,2.2,18.9,21.2,2.51,1.66,1.73,1.41,draw,2.0,2.0,0,1,0
1202,2019-09-28,2019,7,Tottenham Hotspur,Southampton,6.0,14.0,83.71,69.72,0.8,0.0,0.2,1.0,1.4,57.4,24.7,1.44,1.27,2.12,0.83,win,2.0,1.0,1,0,0
1203,2019-09-28,2019,7,Crystal Palace,Norwich City,9.0,17.0,70.03,63.34,0.6,0.4,0.0,1.4,1.2,27.6,37.2,1.61,0.76,1.65,1.05,win,2.0,0.0,1,0,0
1204,2019-09-28,2019,7,Aston Villa,Burnley,18.0,11.0,64.63,69.57,0.5,0.25,0.25,0.8,1.0,45.0,26.9,1.12,1.78,1.36,1.16,draw,2.0,2.0,0,1,0
1205,2019-09-28,2019,7,Wolverhampton Wanderers,Watford,13.0,20.0,71.85,65.57,0.2,0.5,0.3,0.6,0.4,33.3,44.5,1.01,1.16,1.71,1.18,win,2.0,0.0,1,0,0
1206,2019-09-28,2019,7,Chelsea,Brighton & Hove Albion,7.0,16.0,84.1,66.7,1.0,0.0,0.0,1.6,0.6,60.3,34.8,4.43,0.78,2.14,0.69,win,2.0,0.0,1,0,0
1207,2019-09-28,2019,7,Everton,Manchester City,15.0,2.0,76.51,95.46,0.4,0.1,0.5,1.2,2.0,28.3,64.4,2.29,2.98,0.9,2.34,loss,1.0,3.0,0,0,1
1208,2019-09-29,2019,7,Leicester City,Newcastle United,3.0,19.0,77.55,67.87,0.3,0.4,0.3,2.0,1.0,37.8,34.4,1.9,0.05,1.58,0.77,win,5.0,0.0,1,0,0
1209,2019-09-30,2019,7,Manchester United,Arsenal,10.0,4.0,82.24,78.55,0.5,0.4,0.1,1.0,1.6,54.2,60.5,1.07,1.84,1.84,1.36,draw,1.0,1.0,0,1,0
1210,2019-10-05,2019,8,Brighton & Hove Albion,Tottenham Hotspur,14.0,9.0,65.79,82.63,0.0,0.3333333333333333,0.6666666666666666,0.4,1.4,37.9,61.3,2.2,0.47,1.07,1.74,win,3.0,0.0,1,0,0
1211,2019-10-05,2019,8,Burnley,Everton,7.0,18.0,69.81,76.75,0.5,0.0,0.5,1.2,0.6,25.3,19.3,0.55,1.39,1.32,1.27,win,1.0,0.0,1,0,0
1212,2019-10-05,2019,8,Norwich City,Aston Villa,19.0,15.0,63.19,64.12,0.5,0.2,0.3,0.6,1.0,50.8,47.8,2.41,3.97,1.48,1.13,loss,1.0,5.0,0,0,1
1213,2019-10-05,2019,8,Watford,Sheffield United,20.0,13.0,65.89,65.49,0.4,0.1,0.5,0.4,0.8,48.0,37.5,1.59,0.44,1.62,1.1,draw,0.0,0.0,0,1,0
1214,2019-10-05,2019,8,Liverpool,Leicester City,1.0,4.0,92.34,79.2,0.6,0.3,0.1,3.0,2.4,76.3,54.2,4.39,0.12,2.17,0.73,win,2.0,1.0,1,0,0
1215,2019-10-05,2019,8,West Ham United,Crystal Palace,8.0,6.0,70.0,70.37,0.5,0.3,0.2,2.2,2.0,19.1,20.9,1.38,2.14,1.56,1.19,loss,1.0,2.0,0,0,1
1216,2019-10-06,2019,8,Southampton,Chelsea,17.0,5.0,70.68,84.99,0.1,0.1,0.8,1.4,2.0,25.1,65.6,1.29,1.8,1.19,1.86,loss,1.0,4.0,0,0,1
1217,2019-10-06,2019,8,Arsenal,AFC Bournemouth,3.0,10.0,80.35,68.46,1.0,0.0,0.0,1.2,1.4,57.9,21.3,1.15,0.67,2.48,1.23,win,1.0,0.0,1,0,0
1218,2019-10-06,2019,8,Manchester City,Wolverhampton Wanderers,2.0,11.0,95.75,71.81,0.6,0.2,0.2,2.4,1.0,58.7,17.0,1.93,1.29,3.03,0.35,loss,0.0,2.0,0,0,1
1219,2019-10-06,2019,8,Newcastle United,Manchester United,16.0,12.0,65.84,81.27,0.2,0.2,0.6,1.0,1.0,44.7,44.0,0.73,1.02,1.04,1.42,win,1.0,0.0,1,0,0
1220,2019-10-19,2019,9,Everton,West Ham United,15.0,11.0,76.89,68.8,0.5,0.2,0.3,0.6,1.6,22.8,20.5,2.22,0.53,1.71,1.0,win,2.0,0.0,1,0,0
1221,2019-10-19,2019,9,Tottenham Hotspur,Watford,7.0,20.0,80.19,66.18,0.8,0.1,0.1,1.4,0.6,48.6,41.0,1.03,0.94,2.2,1.03,draw,1.0,1.0,0,1,0
1222,2019-10-19,2019,9,Aston Villa,Brighton & Hove Albion,12.0,16.0,65.69,68.56,0.5,0.5,0.0,1.0,1.0,43.5,34.4,3.14,1.28,1.43,1.12,win,2.0,1.0,1,0,0
1223,2019-10-19,2019,9,Chelsea,Newcastle United,4.0,18.0,85.47,66.57,0.8,0.1,0.1,2.0,1.0,64.3,39.9,2.84,0.25,2.2,0.64,win,1.0,0.0,1,0,0
1224,2019-10-19,2019,9,AFC Bournemouth,Norwich City,10.0,19.0,69.05,60.26,0.5,0.0,0.5,1.4,0.6,25.5,45.9,0.67,0.48,1.98,1.23,draw,0.0,0.0,0,1,0
1225,2019-10-19,2019,9,Wolverhampton Wanderers,Southampton,13.0,17.0,73.43,70.04,0.42857142857142855,0.2857142857142857,0.2857142857142857,1.4,0.8,19.4,28.5,0.91,1.44,1.47,1.03,draw,1.0,1.0,0,1,0
1226,2019-10-19,2019,9,Leicester City,Burnley,3.0,8.0,78.33,70.11,0.4,0.5,0.1,1.8,1.6,48.0,16.7,1.12,2.08,1.67,0.81,win,2.0,1.0,1,0,0
1227,2019-10-19,2019,9,Crystal Palace,Manchester City,6.0,2.0,71.43,95.22,0.1,0.1,0.8,2.0,1.8,25.6,63.3,0.88,3.85,0.9,2.62,loss,0.0,2.0,0,0,1
1228,2019-10-20,2019,9,Manchester United,Liverpool,14.0,1.0,80.99,92.78,0.6,0.3,0.1,1.0,3.0,42.7,80.6,0.84,1.21,1.09,1.83,draw,1.0,1.0,0,1,0
1229,2019-10-21,2019,9,Sheffield United,Arsenal,9.0,5.0,65.95,80.25,0.25,0.5,0.25,1.0,1.8,37.6,63.3,0.81,1.11,1.14,1.74,win,1.0,0.0,1,0,0
1230,2019-10-25,2019,10,Southampton,Leicester City,18.0,3.0,71.1,77.71,0.5,0.1,0.4,0.8,1.8,29.6,48.4,0.37,4.38,1.28,1.3,loss,0.0,9.0,0,0,1
1231,2019-10-26,2019,10,Manchester City,Aston Villa,2.0,15.0,95.41,66.15,0.9,0.0,0.1,1.8,1.6,69.0,27.7,3.18,1.29,3.49,0.42,win,3.0,0.0,1,0,0
1232,2019-10-26,2019,10,Watford,AFC Bournemouth,20.0,9.0,66.88,68.89,0.3,0.5,0.2,0.6,1.6,46.2,23.7,0.71,1.08,1.7,1.38,draw,0.0,0.0,0,1,0
1233,2019-10-26,2019,10,West Ham United,Sheffield United,10.0,8.0,67.87,66.31,0.14285714285714285,0.7142857142857143,0.14285714285714285,1.0,1.4,29.4,31.7,2.93,1.11,1.49,0.98,draw,1.0,1.0,0,1,0
1234,2019-10-26,2019,10,Brighton & Hove Albion,Everton,14.0,16.0,67.57,77.8,0.6666666666666666,0.3333333333333333,0.0,1.0,0.6,38.8,20.1,1.17,0.95,1.21,1.25,win,3.0,2.0,1,0,0
1235,2019-10-26,2019,10,Burnley,Chelsea,13.0,4.0,70.57,86.37,0.0,0.16666666666666666,0.8333333333333334,1.6,2.4,20.3,61.8,2.19,0.94,1.08,1.83,loss,2.0,4.0,0,0,1
1236,2019-10-27,2019,10,Newcastle United,Wolverhampton Wanderers,17.0,12.0,66.29,72.26,0.3,0.3,0.4,0.8,1.6,43.1,22.2,0.77,1.92,1.19,1.02,draw,1.0,1.0,0,1,0
1237,2019-10-27,2019,10,Arsenal,Crystal Palace,5.0,6.0,79.59,70.49,0.6,0.2,0.2,1.6,1.4,52.1,14.7,1.45,1.96,2.1,1.01,draw,2.0,2.0,0,1,0
1238,2019-10-27,2019,10,Liverpool,Tottenham Hotspur,1.0,11.0,92.97,81.43,0.7,0.3,0.0,2.6,1.4,80.2,56.7,2.81,1.5,2.4,0.98,win,2.0,1.0,1,0,0
1239,2019-10-27,2019,10,Norwich City,Manchester United,19.0,7.0,61.29,80.61,0.2,0.0,0.8,0.8,1.0,44.5,30.1,1.04,4.32,1.09,1.52,loss,1.0,3.0,0,0,1
1240,2019-11-02,2019,11,AFC Bournemouth,Manchester United,7.0,10.0,69.67,81.48,0.2,0.0,0.8,1.2,1.0,20.3,37.2,2.09,0.81,1.22,1.47,win,1.0,0.0,1,0,0
1241,2019-11-02,2019,11,Aston Villa,Liverpool,16.0,1.0,66.07,92.93,0.2,0.1,0.7,1.4,2.6,32.5,81.9,0.88,3.02,0.9,2.58,loss,1.0,2.0,0,0,1
1242,2019-11-02,2019,11,Arsenal,Wolverhampton Wanderers,5.0,12.0,78.8,72.87,0.6666666666666666,0.3333333333333333,0.0,1.6,1.8,50.4,17.5,1.07,1.54,1.92,1.01,draw,1.0,1.0,0,1,0
1243,2019-11-02,2019,11,West Ham United,Newcastle United,13.0,15.0,68.0,65.45,0.5,0.2,0.3,1.0,1.0,32.2,42.6,1.75,2.2,1.54,1.02,loss,2.0,3.0,0,0,1
1244,2019-11-02,2019,11,Manchester City,Southampton,2.0,18.0,95.42,65.92,0.9,0.1,0.0,2.4,0.2,79.6,38.5,3.78,0.69,3.49,0.41,win,2.0,1.0,1,0,0
1245,2019-11-02,2019,11,Brighton & Hove Albion,Norwich City,8.0,19.0,68.0,59.65,0.2,0.0,0.8,1.4,0.2,36.1,49.5,2.99,0.5,1.67,1.04,win,2.0,0.0,1,0,0
1246,2019-11-02,2019,11,Sheffield United,Burnley,6.0,14.0,65.99,70.99,0.6,0.2,0.2,1.6,1.4,32.8,22.1,2.75,0.77,1.25,1.13,win,3.0,0.0,1,0,0
1247,2019-11-02,2019,11,Watford,Chelsea,20.0,4.0,66.87,85.82,0.2222222222222222,0.2222222222222222,0.5555555555555556,0.6,2.4,44.9,59.1,1.24,2.12,1.16,1.97,loss,1.0,2.0,0,0,1
1248,2019-11-03,2019,11,Crystal Palace,Leicester City,9.0,3.0,71.28,81.33,0.5,0.2,0.3,1.6,2.4,21.6,66.5,0.53,1.29,1.17,1.51,loss,0.0,2.0,0,0,1
1249,2019-11-03,2019,11,Everton,Tottenham Hotspur,17.0,11.0,77.22,81.42,0.3,0.3,0.4,0.6,0.8,15.8,52.2,1.13,0.22,1.41,1.5,draw,1.0,1.0,0,1,0
1250,2019-11-08,2019,12,Norwich City,Watford,20.0,18.0,57.95,66.95,0.6,0.0,0.4,0.2,0.6,45.9,47.3,0.74,1.3,1.42,1.46,loss,0.0,2.0,0,0,1
1251,2019-11-09,2019,12,Chelsea,Crystal Palace,3.0,12.0,86.49,70.4,0.7,0.1,0.2,3.0,1.4,59.6,14.4,3.58,0.51,2.3,0.76,win,2.0,0.0,1,0,0
1252,2019-11-09,2019,12,Burnley,West Ham United,10.0,16.0,68.6,67.15,0.3,0.3,0.4,0.8,0.4,30.7,35.9,2.12,0.5,1.66,1.29,win,3.0,0.0,1,0,0
1253,2019-11-09,2019,12,Newcastle United,AFC Bournemouth,13.0,9.0,65.45,70.6,0.4,0.2,0.4,1.4,1.2,39.2,16.3,2.11,2.04,1.39,1.25,win,2.0,1.0,1,0,0
1254,2019-11-09,2019,12,Southampton,Everton,19.0,15.0,65.51,77.72,0.6,0.3,0.1,0.2,0.8,41.9,17.1,0.61,2.3,1.29,1.37,loss,1.0,2.0,0,0,1
1255,2019-11-09,2019,12,Tottenham Hotspur,Sheffield United,14.0,5.0,82.91,68.02,0.6666666666666666,0.16666666666666666,0.16666666666666666,1.0,1.6,43.4,19.2,1.98,1.07,2.08,0.74,draw,1.0,1.0,0,1,0
1256,2019-11-09,2019,12,Leicester City,Arsenal,2.0,6.0,82.33,77.5,0.3,0.5,0.2,2.4,1.2,74.1,50.6,1.49,1.4,1.84,1.18,win,2.0,0.0,1,0,0
1257,2019-11-10,2019,12,Manchester United,Brighton & Hove Albion,7.0,11.0,81.29,69.39,1.0,0.0,0.0,1.0,1.8,30.2,20.0,3.42,1.12,1.71,0.76,win,3.0,1.0,1,0,0
1258,2019-11-10,2019,12,Wolverhampton Wanderers,Aston Villa,8.0,17.0,73.39,65.81,0.3333333333333333,0.16666666666666666,0.5,1.8,1.4,19.8,36.9,1.95,0.6,1.56,1.0,win,2.0,1.0,1,0,0
1259,2019-11-10,2019,12,Liverpool,Manchester City,1.0,4.0,92.71,95.44,0.5,0.5,0.0,2.6,2.4,100.0,100.0,1.41,1.54,1.75,1.8,win,3.0,1.0,1,0,0
1260,2019-11-23,2019,13,West Ham United,Tottenham Hotspur,17.0,10.0,65.69,82.39,0.4,0.0,0.6,0.2,0.6,37.0,38.0,0.73,2.44,1.37,1.99,loss,2.0,3.0,0,0,1
1261,2019-11-23,2019,13,Arsenal,Southampton,8.0,19.0,77.16,64.05,0.7,0.1,0.2,1.0,0.2,24.5,41.3,2.1,2.99,2.15,1.11,draw,2.0,2.0,0,1,0
1262,2019-11-23,2019,13,Everton,Norwich City,16.0,18.0,78.91,57.42,0.6,0.3,0.1,1.4,0.2,12.2,43.2,0.96,1.73,1.95,0.77,loss,0.0,2.0,0,0,1
1263,2019-11-23,2019,13,AFC Bournemouth,Wolverhampton Wanderers,11.0,5.0,70.31,73.67,0.25,0.75,0.0,1.0,1.8,19.0,11.3,0.85,1.27,1.44,1.14,loss,1.0,2.0,0,0,1
1264,2019-11-23,2019,13,Crystal Palace,Liverpool,13.0,1.0,69.54,92.96,0.3,0.1,0.6,0.8,2.6,17.0,78.4,1.32,1.89,0.85,2.36,loss,1.0,2.0,0,0,1
1265,2019-11-23,2019,13,Brighton & Hove Albion,Leicester City,12.0,2.0,68.39,82.68,0.3,0.4,0.3,1.8,2.4,24.4,61.9,0.78,3.92,1.08,1.58,loss,0.0,2.0,0,0,1
1266,2019-11-23,2019,13,Watford,Burnley,20.0,7.0,67.8,70.07,0.3,0.4,0.3,1.2,1.2,46.6,21.0,0.92,2.88,1.53,1.18,loss,0.0,3.0,0,0,1
1267,2019-11-23,2019,13,Manchester City,Chelsea,3.0,4.0,95.24,87.16,0.7,0.1,0.2,1.8,3.0,65.0,36.4,1.26,0.95,2.52,1.11,win,2.0,1.0,1,0,0
1268,2019-11-24,2019,13,Sheffield United,Manchester United,6.0,9.0,68.72,81.68,0.375,0.0,0.625,1.8,1.4,17.1,30.2,1.78,1.36,1.02,1.35,draw,3.0,3.0,0,1,0
1269,2019-11-25,2019,13,Aston Villa,Newcastle United,15.0,14.0,65.61,65.53,0.4,0.4,0.2,1.2,2.0,45.3,35.9,2.29,0.89,1.53,1.09,win,2.0,0.0,1,0,0
1270,2019-11-30,2019,14,Newcastle United,Manchester City,14.0,3.0,64.07,94.74,0.2,0.1,0.7,1.4,2.4,34.1,56.6,0.23,3.15,0.79,2.76,draw,2.0,2.0,0,1,0
1271,2019-11-30,2019,14,Chelsea,West Ham United,4.0,13.0,86.72,65.51,0.7,0.3,0.0,2.4,0.2,52.9,41.0,3.0,1.12,2.7,0.78,loss,0.0,1.0,0,0,1
1272,2019-11-30,2019,14,Tottenham Hotspur,AFC Bournemouth,5.0,12.0,82.95,69.08,1.0,0.0,0.0,1.2,1.0,43.7,19.4,3.13,1.05,2.32,1.01,win,3.0,2.0,1,0,0
1273,2019-11-30,2019,14,Burnley,Crystal Palace,10.0,11.0,71.33,70.21,0.5,0.2,0.3,1.2,0.2,14.6,18.7,2.17,0.91,1.52,1.11,loss,0.0,2.0,0,0,1
1274,2019-11-30,2019,14,Liverpool,Brighton & Hove Albion,1.0,16.0,92.43,66.85,0.8,0.2,0.0,2.6,1.2,90.9,30.7,1.58,0.97,2.91,0.4,win,2.0,1.0,1,0,0
1275,2019-11-30,2019,14,Southampton,Watford,18.0,20.0,65.31,66.44,0.3,0.3,0.4,0.4,1.0,50.9,49.3,1.69,0.51,1.61,1.26,win,2.0,1.0,1,0,0
1276,2019-12-01,2019,14,Wolverhampton Wanderers,Sheffield United,6.0,7.0,74.84,68.92,0.5,0.4,0.1,1.8,1.8,14.4,18.0,1.38,1.35,1.46,0.86,draw,1.0,1.0,0,1,0
1277,2019-12-01,2019,14,Norwich City,Arsenal,19.0,8.0,59.35,75.38,0.1,0.4,0.5,0.8,0.6,47.3,16.1,0.88,2.21,1.44,1.86,draw,2.0,2.0,0,1,0
1278,2019-12-01,2019,14,Leicester City,Everton,2.0,17.0,83.73,77.3,0.2,0.5,0.3,3.0,1.4,60.3,15.1,2.69,1.33,1.69,0.8,win,2.0,1.0,1,0,0
1279,2019-12-01,2019,14,Manchester United,Aston Villa,9.0,15.0,80.16,67.06,0.9,0.0,0.1,1.6,1.2,24.8,32.1,2.01,1.31,1.88,0.91,draw,2.0,2.0,0,1,0
1280,2019-12-03,2019,15,Crystal Palace,AFC Bournemouth,7.0,14.0,70.71,68.83,0.4,0.4,0.2,0.8,0.8,17.3,27.4,0.44,0.38,1.57,1.22,win,1.0,0.0,1,0,0
1281,2019-12-03,2019,15,Burnley,Manchester City,12.0,3.0,70.9,94.79,0.1,0.1,0.8,1.2,2.0,13.9,56.3,0.64,2.57,0.93,2.65,loss,1.0,4.0,0,0,1
1282,2019-12-04,2019,15,Southampton,Norwich City,17.0,19.0,66.11,58.96,0.7,0.2,0.1,0.8,0.8,48.7,49.0,1.78,0.92,1.83,1.13,win,2.0,1.0,1,0,0
1283,2019-12-04,2019,15,Leicester City,Watford,2.0,20.0,83.69,65.76,0.8,0.1,0.1,3.0,0.8,56.9,43.7,2.29,0.23,2.06,0.73,win,2.0,0.0,1,0,0
1284,2019-12-04,2019,15,Chelsea,Aston Villa,4.0,16.0,86.21,67.26,0.7,0.2,0.1,1.8,0.8,63.8,28.7,1.88,1.0,2.54,0.75,win,2.0,1.0,1,0,0
1285,2019-12-04,2019,15,Manchester United,Tottenham Hotspur,6.0,8.0,79.77,82.88,0.6,0.0,0.4,1.6,1.6,26.0,52.1,1.35,0.97,1.56,1.57,win,2.0,1.0,1,0,0
1286,2019-12-04,2019,15,Wolverhampton Wanderers,West Ham United,5.0,15.0,73.96,66.53,0.5,0.25,0.25,1.8,0.8,11.8,33.8,1.73,0.61,1.62,1.07,win,2.0,0.0,1,0,0
1287,2019-12-04,2019,15,Liverpool,Everton,1.0,18.0,91.85,77.05,0.7,0.3,0.0,3.0,0.8,89.1,13.8,2.59,1.77,2.36,0.63,win,5.0,2.0,1,0,0
1288,2019-12-05,2019,15,Sheffield United,Newcastle United,9.0,11.0,69.78,63.91,0.3333333333333333,0.0,0.6666666666666666,1.4,1.6,21.3,38.5,1.19,0.51,1.45,0.92,loss,0.0,2.0,0,0,1
1289,2019-12-05,2019,15,Arsenal,Brighton & Hove Albion,10.0,13.0,75.68,68.11,0.3333333333333333,0.6666666666666666,0.0,0.8,1.2,13.8,27.6,0.96,1.59,1.96,1.17,loss,1.0,2.0,0,0,1
1290,2019-12-07,2019,16,Everton,Chelsea,14.0,4.0,77.31,86.08,0.6,0.1,0.3,0.8,1.8,16.4,59.5,1.83,1.4,1.3,1.71,win,3.0,1.0,1,0,0
1291,2019-12-07,2019,16,AFC Bournemouth,Liverpool,15.0,1.0,69.44,91.43,0.14285714285714285,0.0,0.8571428571428571,0.6,3.0,25.8,82.2,0.17,2.95,1.03,2.44,loss,0.0,3.0,0,0,1
1292,2019-12-07,2019,16,Tottenham Hotspur,Burnley,7.0,13.0,82.7,70.35,0.8888888888888888,0.1111111111111111,0.0,1.6,1.2,44.9,16.6,2.64,0.96,2.22,0.97,win,5.0,0.0,1,0,0
1293,2019-12-07,2019,16,Watford,Crystal Palace,20.0,10.0,65.51,70.64,0.3,0.4,0.3,0.6,1.2,44.3,13.6,1.71,0.19,1.39,1.12,draw,0.0,0.0,0,1,0
1294,2019-12-07,2019,16,Manchester City,Manchester United,3.0,5.0,95.01,80.08,0.5,0.1,0.4,2.0,1.6,49.1,33.0,2.37,1.53,2.66,0.67,loss,1.0,2.0,0,0,1
1295,2019-12-08,2019,16,Aston Villa,Leicester City,17.0,2.0,67.47,84.07,0.5,0.2,0.3,0.8,3.0,31.5,46.1,1.28,3.6,1.16,1.71,loss,1.0,4.0,0,0,1
1296,2019-12-08,2019,16,Newcastle United,Southampton,11.0,18.0,64.74,66.4,0.7,0.2,0.1,2.0,1.4,33.4,40.2,1.15,1.85,1.44,1.25,win,2.0,1.0,1,0,0
1297,2019-12-08,2019,16,Norwich City,Sheffield United,19.0,8.0,58.67,69.04,0.7,0.1,0.2,0.8,1.2,45.9,25.0,0.64,0.75,1.33,1.28,loss,1.0,2.0,0,0,1
1298,2019-12-08,2019,16,Brighton & Hove Albion,Wolverhampton Wanderers,12.0,6.0,69.41,74.74,0.5,0.3,0.2,1.2,2.2,20.8,13.5,1.04,2.01,1.32,1.14,draw,2.0,2.0,0,1,0
1299,2019-12-09,2019,16,West Ham United,Arsenal,16.0,9.0,65.85,74.5,0.2,0.2,0.6,0.6,0.6,38.1,10.8,0.64,1.77,1.64,1.69,loss,1.0,3.0,0,0,1
1300,2019-12-14,2019,17,Liverpool,Watford,1.0,20.0,92.96,66.52,0.875,0.0,0.125,3.0,0.8,51.7,52.8,2.02352941176471,1.14529411764706,2.83,0.47,win,2.0,0.0,1,0,0
1301,2019-12-14,2019,17,Burnley,Newcastle United,13.0,10.0,69.54,66.09,0.25,0.25,0.5,1.2,2.0,17.7,38.4,1.39941176470588,0.8023529411764709,1.52,1.18,win,2.0,0.0,1,0,0
1302,2019-12-14,2019,17,Leicester City,Norwich City,2.0,19.0,84.51,58.31,0.5555555555555556,0.1111111111111111,0.3333333333333333,3.0,0.8,49.5,42.4,1.6941176470588202,1.05411764705882,2.49,0.55,draw,1.0,1.0,0,1,0
1303,2019-12-14,2019,17,Chelsea,AFC Bournemouth,4.0,16.0,69.3,64.5,0.75,0.0,0.25,1.2,0.0,29.1,20.0,2.04764705882353,1.18117647058824,1.6,0.96,win,1.0,0.0,1,0,0
1304,2019-12-14,2019,17,Sheffield United,Aston Villa,7.0,18.0,85.86,67.86,0.4,0.1,0.5,1.2,0.8,67.6,28.3,1.2558823529411798,1.3764705882352901,2.51,0.8,loss,0.0,1.0,0,0,1
1305,2019-12-14,2019,17,Southampton,West Ham United,17.0,15.0,66.58,64.92,0.3,0.4,0.3,1.4,0.6,47.6,49.4,1.47117647058824,1.17470588235294,1.72,1.29,loss,0.0,1.0,0,0,1
1306,2019-12-15,2019,17,Manchester United,Everton,6.0,14.0,76.17,83.27,0.7,0.2,0.1,2.2,1.2,24.8,60.4,1.7358823529411798,1.40588235294118,1.33,1.62,loss,1.0,2.0,0,0,1
1307,2019-12-15,2019,17,Wolverhampton Wanderers,Tottenham Hotspur,5.0,8.0,81.2,77.53,0.14285714285714285,0.14285714285714285,0.7142857142857143,2.2,2.0,43.2,11.1,1.37882352941176,1.3517647058823503,1.71,1.02,draw,1.0,1.0,0,1,0
1308,2019-12-15,2019,17,Arsenal,Manchester City,11.0,3.0,75.54,94.9,0.2,0.3,0.5,1.0,1.4,23.0,35.0,1.34,2.79882352941176,1.25,2.71,loss,0.0,3.0,0,0,1
1309,2019-12-16,2019,17,Crystal Palace,Brighton & Hove Albion,9.0,12.0,70.27,68.71,0.375,0.25,0.375,1.4,0.8,13.3,21.1,0.906875,1.3525,1.42,1.08,draw,1.0,1.0,0,1,0
1310,2019-12-21,2019,18,Everton,Arsenal,14.0,11.0,77.48,74.95,0.4,0.2,0.4,1.2,1.0,12.7,13.3,1.40588235294118,1.34,1.69,1.25,draw,0.0,0.0,0,1,0
1311,2019-12-21,2019,18,AFC Bournemouth,Burnley,17.0,13.0,65.24,65.8,0.3,0.2,0.5,0.0,1.2,53.8,52.9,1.18117647058824,1.39941176470588,1.69,1.34,loss,1.0,3.0,0,0,1
1312,2019-12-21,2019,18,West Ham United,Liverpool,16.0,1.0,64.79,69.23,0.4,0.2,0.4,1.2,3.0,28.4,12.6,1.17470588235294,2.02352941176471,1.28,1.04,loss,0.0,1.0,0,0,1
1313,2019-12-21,2019,18,Brighton & Hove Albion,Sheffield United,12.0,7.0,69.71,70.44,0.0,0.3333333333333333,0.6666666666666666,1.0,1.0,20.3,7.8,1.3525,1.2558823529411798,1.46,1.04,loss,0.0,1.0,0,0,1
1314,2019-12-21,2019,18,Newcastle United,Crystal Palace,10.0,9.0,59.79,76.1,0.6,0.2,0.2,1.4,1.6,42.5,14.1,0.8023529411764709,0.906875,1.21,1.43,loss,1.0,2.0,0,0,1
1315,2019-12-21,2019,18,Norwich City,Wolverhampton Wanderers,19.0,5.0,68.97,69.34,0.5,0.1,0.4,1.0,1.8,27.8,20.0,1.05411764705882,1.37882352941176,1.56,1.17,loss,0.0,1.0,0,0,1
1316,2019-12-21,2019,18,Aston Villa,Southampton,18.0,15.0,66.1,92.56,0.4,0.3,0.3,1.4,1.4,34.3,61.1,1.3764705882352901,1.47117647058824,0.96,2.52,loss,0.0,5.0,0,0,1
1317,2019-12-21,2019,18,Manchester City,Leicester City,3.0,2.0,95.29,83.55,0.6,0.1,0.3,2.0,2.6,44.9,34.0,2.79882352941176,1.6941176470588202,2.55,0.79,win,3.0,1.0,1,0,0
1318,2019-12-22,2019,18,Watford,Manchester United,20.0,6.0,67.57,81.47,0.125,0.0,0.875,0.2,1.6,46.7,37.3,1.14529411764706,1.7358823529411798,1.15,1.46,win,2.0,0.0,1,0,0
1319,2019-12-22,2019,18,Tottenham Hotspur,Chelsea,8.0,4.0,83.37,85.22,0.5,0.3,0.2,2.0,1.2,89.1,84.7,1.3517647058823503,2.04764705882353,1.85,1.64,win,2.0,0.0,1,0,0
1320,2019-12-26,2019,19,Tottenham Hotspur,Brighton & Hove Albion,7.0,12.0,83.27,68.71,1.0,0.0,0.0,2.0,1.0,27.908426495678768,16.232827938513015,1.3517647058823503,1.3525,2.25,0.98,,,,0,0,1
1321,2019-12-26,2019,19,Aston Villa,Norwich City,18.0,19.0,65.24,59.79,0.6,0.3,0.1,0.8,0.4,37.13297257434714,38.103508917385525,1.3764705882352901,1.05411764705882,1.82,1.17,,,,0,0,1
1322,2019-12-26,2019,19,Chelsea,Southampton,4.0,17.0,85.22,66.58,0.5,0.4,0.1,1.2,1.8,51.92734306280432,35.79876593547655,2.04764705882353,1.47117647058824,2.47,0.88,,,,0,0,1
1323,2019-12-26,2019,19,Everton,Burnley,13.0,14.0,77.53,69.34,0.8333333333333334,0.0,0.16666666666666666,1.4,1.2,21.98888029938385,24.541031340495152,1.40588235294118,1.39941176470588,1.74,0.97,,,,0,0,1
1324,2019-12-26,2019,19,Sheffield United,Watford,8.0,20.0,70.44,67.57,0.3,0.4,0.3,1.4,0.8,20.987310629931727,37.819685797590765,1.2558823529411798,1.14529411764706,1.41,0.95,,,,0,0,1
1325,2019-12-26,2019,19,Crystal Palace,West Ham United,9.0,16.0,70.27,64.92,0.3,0.4,0.3,2.2,1.2,16.36966215688274,32.90679413076267,0.906875,1.17470588235294,1.57,1.05,,,,0,0,1
1326,2019-12-26,2019,19,AFC Bournemouth,Arsenal,15.0,10.0,68.97,75.54,0.2,0.2,0.6,0.0,1.0,30.44952773454216,13.419482258863614,1.18117647058824,1.34,1.54,1.59,,,,0,0,1
1327,2019-12-26,2019,19,Manchester United,Newcastle United,5.0,11.0,81.2,64.79,0.7,0.2,0.1,1.4,1.4,44.61340936136675,13.811255608579465,1.7358823529411798,0.8023529411764709,1.9,0.72,,,,0,0,1
1328,2019-12-26,2019,19,Leicester City,Liverpool,2.0,1.0,83.55,92.56,0.4,0.1,0.5,2.0,3.0,59.98592035352605,57.357622758212045,1.6941176470588202,2.02352941176471,1.34,1.76,,,,0,0,1
1329,2019-12-27,2019,19,Wolverhampton Wanderers,Manchester City,6.0,3.0,76.17,94.9,0.3,0.3,0.4,1.8,2.0,36.196022002218704,54.21174758730456,1.37882352941176,2.79882352941176,1.04,2.29,,,,0,0,1
1330,2019-12-28,2019,20,Brighton & Hove Albion,AFC Bournemouth,12.0,15.0,68.71,68.97,0.3,0.4,0.3,1.2,0.0,17.985921993906615,29.019796458404816,1.3525,1.18117647058824,1.55,1.22,,,,0,0,1
1331,2019-12-28,2019,20,Watford,Aston Villa,20.0,18.0,67.57,65.24,0.3333333333333333,0.3333333333333333,0.3333333333333333,1.0,0.6,37.220836902432126,37.513584639800364,1.14529411764706,1.3764705882352901,1.59,1.19,,,,0,0,1
1332,2019-12-28,2019,20,Southampton,Crystal Palace,16.0,7.0,66.58,70.27,0.5,0.2,0.3,1.4,1.6,33.714236167430855,26.583351416703255,1.47117647058824,0.906875,1.45,1.18,,,,0,0,1
1333,2019-12-28,2019,20,Newcastle United,Everton,11.0,13.0,64.79,77.53,0.4,0.1,0.5,1.4,1.4,15.214235380893413,20.048872626102778,0.8023529411764709,1.40588235294118,1.15,1.43,,,,0,0,1
1334,2019-12-28,2019,20,Norwich City,Tottenham Hotspur,19.0,6.0,59.79,83.27,0.2,0.2,0.6,0.4,1.4,37.464063436730385,34.38874065106902,1.05411764705882,1.3517647058823503,1.19,2.21,,,,0,0,1
1335,2019-12-28,2019,20,West Ham United,Leicester City,17.0,2.0,64.92,83.55,0.3,0.4,0.3,0.8,1.4,35.94234272955908,56.919483300966064,1.17470588235294,1.6941176470588202,1.19,1.81,,,,0,0,1
1336,2019-12-28,2019,20,Burnley,Manchester United,14.0,5.0,69.34,81.2,0.14285714285714285,0.14285714285714285,0.7142857142857143,1.4,1.2,26.379884343587353,42.298942816917155,1.39941176470588,1.7358823529411798,1.24,1.5,,,,0,0,1
1337,2019-12-29,2019,20,Arsenal,Chelsea,10.0,4.0,75.54,85.22,0.5,0.3,0.2,1.0,1.2,14.4861601992875,49.19455351585036,1.34,2.04764705882353,1.59,1.88,,,,0,0,1
1338,2019-12-29,2019,20,Liverpool,Wolverhampton Wanderers,1.0,8.0,92.56,76.17,0.7142857142857143,0.0,0.2857142857142857,2.6,1.6,60.33987152434576,19.994173918019115,2.02352941176471,1.37882352941176,2.38,0.6,,,,0,0,1
1339,2019-12-29,2019,20,Manchester City,Sheffield United,3.0,9.0,94.9,70.44,0.4444444444444444,0.5555555555555556,0.0,2.0,1.2,57.20215812535474,15.467164055529114,2.79882352941176,1.2558823529411798,2.95,0.46,,,,0,0,1
1340,2020-01-01,2019,21,Brighton & Hove Albion,Chelsea,12.0,4.0,68.71,85.22,0.0,0.0,1.0,0.6,0.8,17.985921993906615,49.19455351585036,1.3525,2.04764705882353,1.26,1.92,,,,0,0,1
1341,2020-01-01,2019,21,Burnley,Aston Villa,13.0,18.0,69.34,65.24,0.3333333333333333,0.6666666666666666,0.0,1.4,0.8,21.98888029938385,37.513584639800364,1.39941176470588,1.3764705882352901,1.69,1.19,,,,0,0,1
1342,2020-01-01,2019,21,Watford,Wolverhampton Wanderers,20.0,8.0,67.57,76.17,0.5,0.0,0.5,1.0,1.2,37.220836902432126,19.994173918019115,1.14529411764706,1.37882352941176,1.2,1.22,,,,0,0,1
1343,2020-01-01,2019,21,Newcastle United,Leicester City,11.0,2.0,64.79,83.55,0.5,0.0,0.5,0.8,1.0,15.214235380893413,56.919483300966064,0.8023529411764709,1.6941176470588202,1.03,1.65,,,,0,0,1
1344,2020-01-01,2019,21,Southampton,Tottenham Hotspur,17.0,6.0,66.58,83.27,0.4,0.2,0.4,0.8,1.6,35.94234272955908,34.38874065106902,1.47117647058824,1.3517647058823503,1.37,2.04,,,,0,0,1
1345,2020-01-01,2019,21,Norwich City,Crystal Palace,19.0,7.0,59.79,70.27,0.4,0.2,0.4,0.4,1.2,37.464063436730385,26.583351416703255,1.05411764705882,0.906875,1.26,1.3,,,,0,0,1
1346,2020-01-01,2019,21,Manchester City,Everton,3.0,14.0,94.9,77.53,0.6,0.4,0.0,1.4,1.6,57.20215812535474,24.541031340495152,2.79882352941176,1.40588235294118,2.82,0.69,,,,0,0,1
1347,2020-01-01,2019,21,West Ham United,AFC Bournemouth,16.0,15.0,64.92,68.97,0.3333333333333333,0.16666666666666666,0.5,0.8,0.2,33.714236167430855,29.019796458404816,1.17470588235294,1.18117647058824,1.54,1.36,,,,0,0,1
1348,2020-01-01,2019,21,Arsenal,Manchester United,9.0,5.0,75.54,81.2,0.4,0.2,0.4,1.0,0.8,16.36966215688274,42.298942816917155,1.34,1.7358823529411798,1.58,1.5,,,,0,0,1
1349,2020-01-02,2019,21,Liverpool,Sheffield United,1.0,10.0,92.56,70.44,0.8571428571428571,0.0,0.14285714285714285,2.0,1.4,60.33987152434576,13.419482258863614,2.02352941176471,1.2558823529411798,2.55,0.48,,,,0,0,1
1350,2020-01-10,2019,22,Sheffield United,West Ham United,9.0,16.0,70.44,64.92,0.2857142857142857,0.42857142857142855,0.2857142857142857,1.0,0.8,16.36966215688274,32.90679413076267,1.2558823529411798,1.17470588235294,1.57,1.04,,,,0,0,1
1351,2020-01-11,2019,22,Crystal Palace,Arsenal,8.0,10.0,70.27,75.54,0.1,0.4,0.5,1.2,0.4,20.987310629931727,13.419482258863614,0.906875,1.34,1.41,1.43,,,,0,0,1
1352,2020-01-11,2019,22,Chelsea,Burnley,4.0,14.0,85.22,69.34,0.2857142857142857,0.5714285714285714,0.14285714285714285,1.0,1.4,51.92734306280432,24.541031340495152,2.04764705882353,1.39941176470588,2.24,0.89,,,,0,0,1
1353,2020-01-11,2019,22,Wolverhampton Wanderers,Newcastle United,7.0,11.0,76.17,64.79,0.4,0.4,0.2,1.2,0.2,27.908426495678768,13.811255608579465,1.37882352941176,0.8023529411764709,1.62,0.76,,,,0,0,1
1354,2020-01-11,2019,22,Manchester United,Norwich City,5.0,19.0,81.2,59.79,0.8,0.1,0.1,0.4,0.4,44.61340936136675,38.103508917385525,1.7358823529411798,1.05411764705882,2.16,0.75,,,,0,0,1
1355,2020-01-11,2019,22,Leicester City,Southampton,2.0,17.0,83.55,66.58,0.4,0.3,0.3,0.6,0.8,59.98592035352605,35.79876593547655,1.6941176470588202,1.47117647058824,2.13,0.87,,,,0,0,1
1356,2020-01-11,2019,22,Everton,Brighton & Hove Albion,12.0,13.0,77.53,68.71,1.0,0.0,0.0,1.2,0.4,17.985921993906615,20.048872626102778,1.40588235294118,1.3525,1.77,0.98,,,,0,0,1
1357,2020-01-11,2019,22,Tottenham Hotspur,Liverpool,6.0,1.0,83.27,92.56,0.4,0.2,0.4,1.2,1.4,36.196022002218704,57.357622758212045,1.3517647058823503,2.02352941176471,1.52,1.98,,,,0,0,1
1358,2020-01-12,2019,22,AFC Bournemouth,Watford,15.0,20.0,68.97,67.57,0.1,0.6,0.3,0.4,0.8,30.44952773454216,37.819685797590765,1.18117647058824,1.14529411764706,1.54,1.09,,,,0,0,1
1359,2020-01-12,2019,22,Aston Villa,Manchester City,18.0,3.0,65.24,94.9,0.3,0.3,0.4,1.0,1.4,37.13297257434714,54.21174758730456,1.3764705882352901,2.79882352941176,1.01,3.03,,,,0,0,1
1360,2020-01-18,2019,23,Watford,Tottenham Hotspur,20.0,6.0,67.57,83.27,0.2,0.3,0.5,1.0,1.0,37.220836902432126,34.38874065106902,1.14529411764706,1.3517647058823503,1.24,1.85,,,,0,0,1
1361,2020-01-18,2019,23,Brighton & Hove Albion,Aston Villa,12.0,18.0,68.71,65.24,0.0,1.0,0.0,0.4,0.4,17.985921993906615,37.513584639800364,1.3525,1.3764705882352901,1.71,1.22,,,,0,0,1
1362,2020-01-18,2019,23,Manchester City,Crystal Palace,3.0,9.0,94.9,70.27,0.8,0.0,0.2,1.0,1.0,57.20215812535474,15.467164055529114,2.79882352941176,0.906875,2.96,0.46,,,,0,0,1
1363,2020-01-18,2019,23,West Ham United,Everton,16.0,13.0,64.92,77.53,0.1,0.4,0.5,0.4,0.6,33.714236167430855,20.048872626102778,1.17470588235294,1.40588235294118,1.33,1.57,,,,0,0,1
1364,2020-01-18,2019,23,Arsenal,Sheffield United,8.0,10.0,75.54,70.44,0.7,0.3,0.0,0.6,1.0,20.987310629931727,13.419482258863614,1.34,1.2558823529411798,1.78,1.05,,,,0,0,1
1365,2020-01-18,2019,23,Norwich City,AFC Bournemouth,19.0,15.0,59.79,68.97,0.3333333333333333,0.6666666666666666,0.0,0.4,0.4,37.464063436730385,29.019796458404816,1.05411764705882,1.18117647058824,1.39,1.45,,,,0,0,1
1366,2020-01-18,2019,23,Southampton,Wolverhampton Wanderers,17.0,7.0,66.58,76.17,0.5555555555555556,0.2222222222222222,0.2222222222222222,1.0,1.0,35.94234272955908,26.583351416703255,1.47117647058824,1.37882352941176,1.33,1.36,,,,0,0,1
1367,2020-01-18,2019,23,Newcastle United,Chelsea,11.0,4.0,64.79,85.22,0.4,0.2,0.4,0.4,0.4,15.214235380893413,49.19455351585036,0.8023529411764709,2.04764705882353,1.08,1.93,,,,0,0,1
1368,2020-01-19,2019,23,Burnley,Leicester City,14.0,2.0,69.34,83.55,0.3,0.1,0.6,1.0,0.4,26.379884343587353,56.919483300966064,1.39941176470588,1.6941176470588202,1.19,1.6,,,,0,0,1
1369,2020-01-19,2019,23,Liverpool,Manchester United,1.0,5.0,92.56,81.2,0.4,0.3,0.3,1.0,0.4,60.33987152434576,42.298942816917155,2.02352941176471,1.7358823529411798,2.2,0.91,,,,0,0,1
1370,2020-01-21,2019,24,Sheffield United,Manchester City,10.0,3.0,70.44,94.9,0.4,0.3,0.3,0.6,0.4,14.4861601992875,54.21174758730456,1.2558823529411798,2.79882352941176,0.91,2.49,,,,0,0,1
1371,2020-01-21,2019,24,Crystal Palace,Southampton,8.0,16.0,70.27,66.58,0.4,0.0,0.6,0.6,0.4,20.987310629931727,32.90679413076267,0.906875,1.47117647058824,1.54,1.09,,,,0,0,1
1372,2020-01-21,2019,24,AFC Bournemouth,Brighton & Hove Albion,14.0,13.0,68.97,68.71,0.7,0.1,0.2,0.6,0.4,26.379884343587353,20.048872626102778,1.18117647058824,1.3525,1.57,1.2,,,,0,0,1
1373,2020-01-21,2019,24,Aston Villa,Watford,18.0,20.0,65.24,67.57,0.6666666666666666,0.0,0.3333333333333333,0.6,0.4,37.13297257434714,37.819685797590765,1.3764705882352901,1.14529411764706,1.55,1.23,,,,0,0,1
1374,2020-01-21,2019,24,Everton,Newcastle United,11.0,12.0,77.53,64.79,0.5,0.4,0.1,0.6,0.4,15.214235380893413,16.232827938513015,1.40588235294118,0.8023529411764709,1.78,0.8,,,,0,0,1
1375,2020-01-21,2019,24,Chelsea,Arsenal,4.0,9.0,85.22,75.54,0.7,0.2,0.1,0.6,0.4,51.92734306280432,15.467164055529114,2.04764705882353,1.34,2.24,1.24,,,,0,0,1
1376,2020-01-22,2019,24,Leicester City,West Ham United,2.0,17.0,83.55,64.92,0.3,0.5,0.2,0.6,0.4,59.98592035352605,35.79876593547655,1.6941176470588202,1.17470588235294,2.17,0.83,,,,0,0,1
1377,2020-01-22,2019,24,Tottenham Hotspur,Norwich City,5.0,19.0,83.27,59.79,0.6,0.2,0.2,0.6,0.4,44.61340936136675,38.103508917385525,1.3517647058823503,1.05411764705882,2.66,0.74,,,,0,0,1
1378,2020-01-22,2019,24,Manchester United,Burnley,6.0,15.0,81.2,69.34,0.3333333333333333,0.6666666666666666,0.0,0.6,0.4,36.196022002218704,29.019796458404816,1.7358823529411798,1.39941176470588,1.85,0.88,,,,0,0,1
1379,2020-01-23,2019,24,Wolverhampton Wanderers,Liverpool,7.0,1.0,76.17,92.56,0.14285714285714285,0.2857142857142857,0.5714285714285714,0.6,0.4,27.908426495678768,57.357622758212045,1.37882352941176,2.02352941176471,1.06,1.92,,,,0,0,1
1380,2020-02-01,2019,25,Watford,Everton,20.0,12.0,67.57,77.53,0.4444444444444444,0.1111111111111111,0.4444444444444444,0.4,0.6,37.220836902432126,16.232827938513015,1.14529411764706,1.40588235294118,1.24,1.38,,,,0,0,1
1381,2020-02-01,2019,25,Newcastle United,Norwich City,11.0,19.0,64.79,59.79,0.8888888888888888,0.1111111111111111,0.0,0.4,0.4,15.214235380893413,38.103508917385525,0.8023529411764709,1.05411764705882,1.54,1.03,,,,0,0,1
1382,2020-02-01,2019,25,Crystal Palace,Sheffield United,8.0,10.0,70.27,70.44,0.3,0.3,0.4,0.6,0.6,20.987310629931727,13.419482258863614,0.906875,1.2558823529411798,1.31,0.96,,,,0,0,1
1383,2020-02-01,2019,25,Tottenham Hotspur,Manchester City,6.0,2.0,83.27,94.9,0.3,0.1,0.6,0.6,0.4,36.196022002218704,56.919483300966064,1.3517647058823503,2.79882352941176,1.49,2.36,,,,0,0,1
1384,2020-02-01,2019,25,Leicester City,Chelsea,3.0,4.0,83.55,85.22,0.1,0.2,0.7,0.6,0.6,57.20215812535474,49.19455351585036,1.6941176470588202,2.04764705882353,1.64,1.44,,,,0,0,1
1385,2020-02-01,2019,25,AFC Bournemouth,Aston Villa,14.0,18.0,68.97,65.24,0.0,0.0,1.0,0.6,0.6,26.379884343587353,37.513584639800364,1.18117647058824,1.3764705882352901,1.74,1.23,,,,0,0,1
1386,2020-02-01,2019,25,Burnley,Arsenal,15.0,9.0,69.34,75.54,0.125,0.125,0.75,0.4,0.4,30.44952773454216,15.467164055529114,1.39941176470588,1.34,1.51,1.55,,,,0,0,1
1387,2020-02-01,2019,25,West Ham United,Brighton & Hove Albion,16.0,13.0,64.92,68.71,0.42857142857142855,0.2857142857142857,0.2857142857142857,0.4,0.4,33.714236167430855,20.048872626102778,1.17470588235294,1.3525,1.54,1.33,,,,0,0,1
1388,2020-02-01,2019,25,Liverpool,Southampton,1.0,17.0,92.56,66.58,0.6,0.2,0.2,0.4,0.4,60.33987152434576,35.79876593547655,2.02352941176471,1.47117647058824,2.94,0.58,,,,0,0,1
1389,2020-02-01,2019,25,Manchester United,Wolverhampton Wanderers,5.0,7.0,81.2,76.17,0.75,0.25,0.0,0.6,0.6,44.61340936136675,26.583351416703255,1.7358823529411798,1.37882352941176,1.6,0.95,,,,0,0,1
1390,2020-02-08,2019,26,Everton,Crystal Palace,11.0,9.0,77.53,70.27,0.4,0.3,0.3,0.6,0.4,15.214235380893413,15.467164055529114,1.40588235294118,0.906875,1.63,0.89,,,,0,0,1
1391,2020-02-08,2019,26,Brighton & Hove Albion,Watford,13.0,19.0,68.71,67.57,0.3,0.4,0.3,0.6,0.4,21.98888029938385,38.103508917385525,1.3525,1.14529411764706,1.52,1.08,,,,0,0,1
1392,2020-02-08,2019,26,Manchester City,West Ham United,2.0,17.0,94.9,64.92,0.9,0.0,0.1,0.6,0.4,59.98592035352605,35.79876593547655,2.79882352941176,1.17470588235294,3.45,0.53,,,,0,0,1
1393,2020-02-08,2019,26,Chelsea,Manchester United,4.0,6.0,85.22,81.2,0.6,0.3,0.1,0.6,0.4,51.92734306280432,34.38874065106902,2.04764705882353,1.7358823529411798,1.87,1.2,,,,0,0,1
1394,2020-02-08,2019,26,Southampton,Burnley,16.0,15.0,66.58,69.34,0.4,0.4,0.2,0.6,0.4,33.714236167430855,29.019796458404816,1.47117647058824,1.39941176470588,1.55,1.28,,,,0,0,1
1395,2020-02-08,2019,26,Aston Villa,Tottenham Hotspur,18.0,5.0,65.24,83.27,0.1,0.2,0.7,0.6,0.4,37.13297257434714,42.298942816917155,1.3764705882352901,1.3517647058823503,1.37,2.11,,,,0,0,1
1396,2020-02-08,2019,26,Norwich City,Liverpool,20.0,1.0,59.79,92.56,0.2,0.2,0.6,0.6,0.4,37.220836902432126,57.357622758212045,1.05411764705882,2.02352941176471,0.89,2.68,,,,0,0,1
1397,2020-02-08,2019,26,Sheffield United,AFC Bournemouth,10.0,14.0,70.44,68.97,1.0,0.0,0.0,0.6,0.4,14.4861601992875,24.541031340495152,1.2558823529411798,1.18117647058824,1.45,1.08,,,,0,0,1
1398,2020-02-08,2019,26,Arsenal,Newcastle United,8.0,12.0,75.54,64.79,0.9,0.0,0.1,0.6,0.4,20.987310629931727,16.232827938513015,1.34,0.8023529411764709,1.95,0.96,,,,0,0,1
1399,2020-02-08,2019,26,Wolverhampton Wanderers,Leicester City,7.0,3.0,76.17,83.55,0.4,0.5,0.1,0.6,0.4,27.908426495678768,54.21174758730456,1.37882352941176,1.6941176470588202,1.25,1.33,,,,0,0,1
1400,2020-02-22,2019,27,Wolverhampton Wanderers,Norwich City,7.0,20.0,76.17,59.79,0.5,0.4,0.1,0.4,0.6,27.908426495678768,37.819685797590765,1.37882352941176,1.05411764705882,1.85,0.8,,,,0,0,1
1401,2020-02-22,2019,27,Southampton,Aston Villa,16.0,18.0,66.58,65.24,0.4,0.3,0.3,0.6,0.4,33.714236167430855,37.513584639800364,1.47117647058824,1.3764705882352901,1.74,1.33,,,,0,0,1
1402,2020-02-22,2019,27,Chelsea,Tottenham Hotspur,4.0,6.0,85.22,83.27,0.8,0.1,0.1,0.4,0.4,51.92734306280432,34.38874065106902,2.04764705882353,1.3517647058823503,1.99,1.5,,,,0,0,1
1403,2020-02-22,2019,27,Crystal Palace,Newcastle United,8.0,12.0,70.27,64.79,0.1,0.4,0.5,0.4,0.6,20.987310629931727,16.232827938513015,0.906875,0.8023529411764709,1.45,0.87,,,,0,0,1
1404,2020-02-22,2019,27,Burnley,AFC Bournemouth,14.0,15.0,69.34,68.97,0.6,0.3,0.1,0.6,0.4,26.379884343587353,29.019796458404816,1.39941176470588,1.18117647058824,1.54,1.18,,,,0,0,1
1405,2020-02-22,2019,27,Manchester United,Watford,5.0,19.0,81.2,67.57,1.0,0.0,0.0,0.4,0.6,44.61340936136675,38.103508917385525,1.7358823529411798,1.14529411764706,1.86,0.8,,,,0,0,1
1406,2020-02-22,2019,27,Arsenal,Everton,9.0,11.0,75.54,77.53,0.8,0.2,0.0,0.6,0.4,16.36966215688274,13.811255608579465,1.34,1.40588235294118,1.69,1.38,,,,0,0,1
1407,2020-02-22,2019,27,Leicester City,Manchester City,3.0,2.0,83.55,94.9,0.3,0.4,0.3,0.4,0.6,57.20215812535474,56.919483300966064,1.6941176470588202,2.79882352941176,1.31,2.11,,,,0,0,1
1408,2020-02-22,2019,27,Sheffield United,Brighton & Hove Albion,10.0,13.0,70.44,68.71,0.6666666666666666,0.0,0.3333333333333333,0.4,0.6,14.4861601992875,20.048872626102778,1.2558823529411798,1.3525,1.44,1.05,,,,0,0,1
1409,2020-02-22,2019,27,Liverpool,West Ham United,1.0,17.0,92.56,64.92,0.6,0.3,0.1,0.6,0.6,60.33987152434576,35.79876593547655,2.02352941176471,1.17470588235294,2.99,0.55,,,,0,0,1
1410,2020-02-29,2019,28,Tottenham Hotspur,Wolverhampton Wanderers,6.0,7.0,83.27,76.17,0.2857142857142857,0.2857142857142857,0.42857142857142855,0.6,0.4,36.196022002218704,26.583351416703255,1.3517647058823503,1.37882352941176,1.91,1.04,,,,0,0,1
1411,2020-02-29,2019,28,Aston Villa,Sheffield United,18.0,10.0,65.24,70.44,0.5,0.375,0.125,0.6,0.4,37.13297257434714,13.419482258863614,1.3764705882352901,1.2558823529411798,1.44,1.23,,,,0,0,1
1412,2020-02-29,2019,28,Watford,Liverpool,20.0,1.0,67.57,92.56,0.125,0.125,0.75,0.6,0.4,37.220836902432126,57.357622758212045,1.14529411764706,2.02352941176471,0.93,2.26,,,,0,0,1
1413,2020-02-29,2019,28,Newcastle United,Burnley,12.0,14.0,64.79,69.34,0.5,0.5,0.0,0.6,0.4,17.985921993906615,24.541031340495152,0.8023529411764709,1.39941176470588,1.31,1.18,,,,0,0,1
1414,2020-02-29,2019,28,Everton,Manchester United,11.0,5.0,77.53,81.2,0.5,0.1,0.4,0.6,0.4,15.214235380893413,42.298942816917155,1.40588235294118,1.7358823529411798,1.44,1.29,,,,0,0,1
1415,2020-02-29,2019,28,Norwich City,Leicester City,19.0,3.0,59.79,83.55,0.4444444444444444,0.2222222222222222,0.3333333333333333,0.6,0.4,37.464063436730385,54.21174758730456,1.05411764705882,1.6941176470588202,1.06,1.92,,,,0,0,1
1416,2020-02-29,2019,28,West Ham United,Southampton,17.0,16.0,64.92,66.58,0.6,0.1,0.3,0.6,0.4,35.94234272955908,32.90679413076267,1.17470588235294,1.47117647058824,1.64,1.36,,,,0,0,1
1417,2020-02-29,2019,28,Manchester City,Arsenal,2.0,9.0,94.9,75.54,0.6,0.2,0.2,0.6,0.4,59.98592035352605,15.467164055529114,2.79882352941176,1.34,3.14,0.81,,,,0,0,1
1418,2020-02-29,2019,28,AFC Bournemouth,Chelsea,15.0,4.0,68.97,85.22,0.3333333333333333,0.0,0.6666666666666666,0.6,0.4,30.44952773454216,49.19455351585036,1.18117647058824,2.04764705882353,1.28,1.93,,,,0,0,1
1419,2020-02-29,2019,28,Brighton & Hove Albion,Crystal Palace,13.0,8.0,68.71,70.27,0.4444444444444444,0.2222222222222222,0.3333333333333333,0.6,0.4,21.98888029938385,19.994173918019115,1.3525,0.906875,1.42,1.08,,,,0,0,1
1420,2020-03-07,2019,29,Wolverhampton Wanderers,Brighton & Hove Albion,7.0,13.0,76.17,68.71,0.2,0.7,0.1,0.4,0.6,27.908426495678768,20.048872626102778,1.37882352941176,1.3525,1.61,0.94,,,,0,0,1
1421,2020-03-07,2019,29,Crystal Palace,Watford,8.0,19.0,70.27,67.57,0.6,0.0,0.4,0.4,0.6,20.987310629931727,38.103508917385525,0.906875,1.14529411764706,1.41,0.96,,,,0,0,1
1422,2020-03-07,2019,29,Liverpool,AFC Bournemouth,1.0,15.0,92.56,68.97,0.8333333333333334,0.16666666666666666,0.0,0.6,0.4,60.33987152434576,29.019796458404816,2.02352941176471,1.18117647058824,2.78,0.58,,,,0,0,1
1423,2020-03-07,2019,29,Chelsea,Everton,4.0,11.0,85.22,77.53,0.7,0.3,0.0,0.4,0.4,51.92734306280432,13.811255608579465,2.04764705882353,1.40588235294118,1.99,1.1,,,,0,0,1
1424,2020-03-07,2019,29,Arsenal,West Ham United,9.0,17.0,75.54,64.92,0.9,0.0,0.1,0.6,0.6,16.36966215688274,35.79876593547655,1.34,1.17470588235294,2.11,1.15,,,,0,0,1
1425,2020-03-07,2019,29,Southampton,Newcastle United,16.0,12.0,66.58,64.79,0.4,0.4,0.2,0.6,0.6,33.714236167430855,16.232827938513015,1.47117647058824,0.8023529411764709,1.59,1.08,,,,0,0,1
1426,2020-03-07,2019,29,Sheffield United,Norwich City,10.0,20.0,70.44,59.79,0.5,0.1,0.4,0.4,0.6,14.4861601992875,37.819685797590765,1.2558823529411798,1.05411764705882,1.65,0.9,,,,0,0,1
1427,2020-03-07,2019,29,Burnley,Tottenham Hotspur,14.0,5.0,69.34,83.27,0.5,0.2,0.3,0.6,0.4,26.379884343587353,42.298942816917155,1.39941176470588,1.3517647058823503,1.33,1.85,,,,0,0,1
1428,2020-03-07,2019,29,Leicester City,Aston Villa,3.0,18.0,83.55,65.24,0.5,0.3,0.2,0.4,0.4,57.20215812535474,37.513584639800364,1.6941176470588202,1.3764705882352901,2.19,0.87,,,,0,0,1
1429,2020-03-07,2019,29,Manchester United,Manchester City,6.0,2.0,81.2,94.9,0.2,0.1,0.7,0.4,0.6,36.196022002218704,56.919483300966064,1.7358823529411798,2.79882352941176,1.24,2.2,,,,0,0,1
1430,2020-03-14,2019,30,Manchester City,Burnley,2.0,15.0,94.9,69.34,0.8,0.2,0.0,0.6,0.4,59.98592035352605,29.019796458404816,2.79882352941176,1.39941176470588,3.14,0.52,,,,0,0,1
1431,2020-03-14,2019,30,Watford,Leicester City,20.0,3.0,67.57,83.55,0.8,0.0,0.2,0.6,0.4,37.220836902432126,54.21174758730456,1.14529411764706,1.6941176470588202,1.11,1.6,,,,0,0,1
1432,2020-03-14,2019,30,West Ham United,Wolverhampton Wanderers,17.0,7.0,64.92,76.17,0.5,0.125,0.375,0.6,0.4,35.94234272955908,26.583351416703255,1.17470588235294,1.37882352941176,1.29,1.4,,,,0,0,1
1433,2020-03-14,2019,30,Brighton & Hove Albion,Arsenal,13.0,9.0,68.71,75.54,0.2,0.4,0.4,0.6,0.4,21.98888029938385,15.467164055529114,1.3525,1.34,1.52,1.58,,,,0,0,1
1434,2020-03-14,2019,30,Everton,Liverpool,11.0,1.0,77.53,92.56,0.1,0.7,0.2,0.6,0.4,15.214235380893413,57.357622758212045,1.40588235294118,2.02352941176471,1.18,1.98,,,,0,0,1
1435,2020-03-14,2019,30,Newcastle United,Sheffield United,12.0,10.0,64.79,70.44,0.8,0.0,0.2,0.6,0.4,17.985921993906615,13.419482258863614,0.8023529411764709,1.2558823529411798,1.22,1.09,,,,0,0,1
1436,2020-03-14,2019,30,Aston Villa,Chelsea,18.0,4.0,65.24,85.22,0.3,0.2,0.5,0.6,0.4,37.13297257434714,49.19455351585036,1.3764705882352901,2.04764705882353,1.29,2.15,,,,0,0,1
1437,2020-03-14,2019,30,Norwich City,Southampton,19.0,16.0,59.79,66.58,0.5,0.3,0.2,0.6,0.4,37.464063436730385,32.90679413076267,1.05411764705882,1.47117647058824,1.48,1.46,,,,0,0,1
1438,2020-03-14,2019,30,AFC Bournemouth,Crystal Palace,14.0,8.0,68.97,70.27,0.4,0.4,0.2,0.6,0.4,26.379884343587353,19.994173918019115,1.18117647058824,0.906875,1.44,1.09,,,,0,0,1
1439,2020-03-14,2019,30,Tottenham Hotspur,Manchester United,5.0,6.0,83.27,81.2,0.3,0.4,0.3,0.6,0.4,44.61340936136675,34.38874065106902,1.3517647058823503,1.7358823529411798,1.84,1.29,,,,0,0,1
1440,2020-03-21,2019,31,Tottenham Hotspur,West Ham United,5.0,17.0,83.27,64.92,0.3,0.2,0.5,0.6,0.6,44.61340936136675,35.79876593547655,1.3517647058823503,1.17470588235294,2.46,0.95,,,,0,0,1
1441,2020-03-21,2019,31,Norwich City,Everton,19.0,11.0,59.79,77.53,0.4,0.5,0.1,0.4,0.4,37.464063436730385,13.811255608579465,1.05411764705882,1.40588235294118,1.19,1.67,,,,0,0,1
1442,2020-03-21,2019,31,Newcastle United,Aston Villa,12.0,18.0,64.79,65.24,0.7,0.3,0.0,0.6,0.4,17.985921993906615,37.513584639800364,0.8023529411764709,1.3764705882352901,1.48,1.23,,,,0,0,1
1443,2020-03-21,2019,31,Chelsea,Manchester City,4.0,2.0,85.22,94.9,0.5,0.3,0.2,0.4,0.4,51.92734306280432,56.919483300966064,2.04764705882353,2.79882352941176,1.51,2.22,,,,0,0,1
1444,2020-03-21,2019,31,Wolverhampton Wanderers,AFC Bournemouth,7.0,15.0,76.17,68.97,0.5,0.0,0.5,0.4,0.6,27.908426495678768,29.019796458404816,1.37882352941176,1.18117647058824,1.62,0.97,,,,0,0,1
1445,2020-03-21,2019,31,Manchester United,Sheffield United,6.0,10.0,81.2,70.44,1.0,0.0,0.0,0.6,0.4,36.196022002218704,13.419482258863614,1.7358823529411798,1.2558823529411798,1.73,0.8,,,,0,0,1
1446,2020-03-21,2019,31,Burnley,Watford,14.0,20.0,69.34,67.57,0.4,0.4,0.2,0.6,0.6,26.379884343587353,37.819685797590765,1.39941176470588,1.14529411764706,1.5,1.05,,,,0,0,1
1447,2020-03-21,2019,31,Leicester City,Brighton & Hove Albion,3.0,13.0,83.55,68.71,0.6,0.2,0.2,0.6,0.4,57.20215812535474,20.048872626102778,1.6941176470588202,1.3525,2.0,0.84,,,,0,0,1
1448,2020-03-21,2019,31,Liverpool,Crystal Palace,1.0,9.0,92.56,70.27,0.6,0.0,0.4,0.6,0.6,60.33987152434576,15.467164055529114,2.02352941176471,0.906875,2.57,0.48,,,,0,0,1
1449,2020-03-21,2019,31,Southampton,Arsenal,16.0,8.0,66.58,75.54,0.4,0.4,0.2,0.4,0.4,33.714236167430855,19.994173918019115,1.47117647058824,1.34,1.55,1.71,,,,0,0,1
1450,2020-04-04,2019,32,Everton,Leicester City,11.0,3.0,77.53,83.55,0.4,0.2,0.4,0.6,0.4,15.214235380893413,54.21174758730456,1.40588235294118,1.6941176470588202,1.39,1.38,,,,0,0,1
1451,2020-04-04,2019,32,Manchester City,Liverpool,2.0,1.0,94.9,92.56,0.6,0.2,0.2,0.6,0.4,59.98592035352605,57.357622758212045,2.79882352941176,2.02352941176471,2.13,1.43,,,,0,0,1
1452,2020-04-04,2019,32,Brighton & Hove Albion,Manchester United,13.0,6.0,68.71,81.2,0.75,0.25,0.0,0.6,0.4,21.98888029938385,34.38874065106902,1.3525,1.7358823529411798,1.25,1.54,,,,0,0,1
1453,2020-04-04,2019,32,Watford,Southampton,19.0,16.0,67.57,66.58,0.3,0.5,0.2,0.6,0.4,37.464063436730385,32.90679413076267,1.14529411764706,1.47117647058824,1.53,1.19,,,,0,0,1
1454,2020-04-04,2019,32,Arsenal,Norwich City,8.0,20.0,75.54,59.79,0.6,0.3,0.1,0.6,0.4,20.987310629931727,37.819685797590765,1.34,1.05411764705882,2.22,1.0,,,,0,0,1
1455,2020-04-04,2019,32,Crystal Palace,Burnley,9.0,15.0,70.27,69.34,0.6,0.3,0.1,0.6,0.4,16.36966215688274,29.019796458404816,0.906875,1.39941176470588,1.41,1.05,,,,0,0,1
1456,2020-04-04,2019,32,West Ham United,Chelsea,17.0,4.0,64.92,85.22,0.4,0.2,0.4,0.6,0.4,35.94234272955908,49.19455351585036,1.17470588235294,2.04764705882353,1.25,2.12,,,,0,0,1
1457,2020-04-04,2019,32,Aston Villa,Wolverhampton Wanderers,18.0,7.0,65.24,76.17,0.42857142857142855,0.42857142857142855,0.14285714285714285,0.6,0.4,37.13297257434714,26.583351416703255,1.3764705882352901,1.37882352941176,1.33,1.42,,,,0,0,1
1458,2020-04-04,2019,32,AFC Bournemouth,Newcastle United,14.0,12.0,68.97,64.79,0.0,0.8,0.2,0.6,0.4,26.379884343587353,16.232827938513015,1.18117647058824,0.8023529411764709,1.58,0.99,,,,0,0,1
1459,2020-04-04,2019,32,Sheffield United,Tottenham Hotspur,10.0,5.0,70.44,83.27,0.42857142857142855,0.42857142857142855,0.14285714285714285,0.6,0.4,14.4861601992875,42.298942816917155,1.2558823529411798,1.3517647058823503,1.24,1.71,,,,0,0,1
1460,2020-04-11,2019,33,Wolverhampton Wanderers,Arsenal,7.0,8.0,76.17,75.54,0.2857142857142857,0.0,0.7142857142857143,0.6,0.6,27.908426495678768,19.994173918019115,1.37882352941176,1.34,1.58,1.29,,,,0,0,1
1461,2020-04-11,2019,33,Liverpool,Aston Villa,1.0,18.0,92.56,65.24,0.4,0.3,0.3,0.6,0.4,60.33987152434576,37.513584639800364,2.02352941176471,1.3764705882352901,3.02,0.58,,,,0,0,1
1462,2020-04-11,2019,33,Newcastle United,West Ham United,12.0,17.0,64.79,64.92,0.5,0.2,0.3,0.4,0.4,17.985921993906615,35.79876593547655,0.8023529411764709,1.17470588235294,1.47,1.19,,,,0,0,1
1463,2020-04-11,2019,33,Manchester United,AFC Bournemouth,6.0,15.0,81.2,68.97,0.8,0.2,0.0,0.6,0.4,36.196022002218704,29.019796458404816,1.7358823529411798,1.18117647058824,1.9,0.92,,,,0,0,1
1464,2020-04-11,2019,33,Chelsea,Watford,4.0,20.0,85.22,67.57,0.9,0.1,0.0,0.6,0.4,51.92734306280432,37.819685797590765,2.04764705882353,1.14529411764706,2.24,0.81,,,,0,0,1
1465,2020-04-11,2019,33,Norwich City,Brighton & Hove Albion,19.0,13.0,59.79,68.71,0.6666666666666666,0.16666666666666666,0.16666666666666666,0.4,0.4,37.464063436730385,20.048872626102778,1.05411764705882,1.3525,1.38,1.42,,,,0,0,1
1466,2020-04-11,2019,33,Tottenham Hotspur,Everton,5.0,11.0,83.27,77.53,0.5,0.5,0.0,0.4,0.4,44.61340936136675,13.811255608579465,1.3517647058823503,1.40588235294118,1.96,1.19,,,,0,0,1
1467,2020-04-11,2019,33,Burnley,Sheffield United,14.0,10.0,69.34,70.44,0.6,0.1,0.3,0.6,0.6,26.379884343587353,13.419482258863614,1.39941176470588,1.2558823529411798,1.4,1.05,,,,0,0,1
1468,2020-04-11,2019,33,Southampton,Manchester City,16.0,2.0,66.58,94.9,0.2,0.2,0.6,0.6,0.4,33.714236167430855,56.919483300966064,1.47117647058824,2.79882352941176,1.01,2.93,,,,0,0,1
1469,2020-04-11,2019,33,Leicester City,Crystal Palace,3.0,9.0,83.55,70.27,0.4,0.1,0.5,0.6,0.6,57.20215812535474,15.467164055529114,1.6941176470588202,0.906875,1.84,0.76,,,,0,0,1
1470,2020-04-18,2019,34,Watford,Norwich City,19.0,20.0,67.57,59.79,0.5,0.2,0.3,0.6,0.4,37.464063436730385,37.819685797590765,1.14529411764706,1.05411764705882,1.65,1.0,,,,0,0,1
1471,2020-04-18,2019,34,Aston Villa,Manchester United,18.0,6.0,65.24,81.2,0.0,0.4,0.6,0.6,0.4,37.13297257434714,34.38874065106902,1.3764705882352901,1.7358823529411798,1.28,1.73,,,,0,0,1
1472,2020-04-18,2019,34,Manchester City,Newcastle United,2.0,12.0,94.9,64.79,0.9,0.0,0.1,0.6,0.4,59.98592035352605,16.232827938513015,2.79882352941176,0.8023529411764709,3.21,0.39,,,,0,0,1
1473,2020-04-18,2019,34,West Ham United,Burnley,17.0,14.0,64.92,69.34,0.7,0.1,0.2,0.6,0.4,35.94234272955908,24.541031340495152,1.17470588235294,1.39941176470588,1.5,1.32,,,,0,0,1
1474,2020-04-18,2019,34,Everton,Southampton,11.0,16.0,77.53,66.58,0.7,0.3,0.0,0.6,0.4,15.214235380893413,32.90679413076267,1.40588235294118,1.47117647058824,1.89,1.01,,,,0,0,1
1475,2020-04-18,2019,34,Brighton & Hove Albion,Liverpool,13.0,1.0,68.71,92.56,0.0,0.0,1.0,0.6,0.4,21.98888029938385,57.357622758212045,1.3525,2.02352941176471,1.01,2.31,,,,0,0,1
1476,2020-04-18,2019,34,Sheffield United,Wolverhampton Wanderers,10.0,7.0,70.44,76.17,0.4,0.3,0.3,0.6,0.4,14.4861601992875,26.583351416703255,1.2558823529411798,1.37882352941176,1.2,1.11,,,,0,0,1
1477,2020-04-18,2019,34,Arsenal,Leicester City,8.0,3.0,75.54,83.55,0.9,0.1,0.0,0.6,0.4,20.987310629931727,54.21174758730456,1.34,1.6941176470588202,1.52,1.6,,,,0,0,1
1478,2020-04-18,2019,34,Crystal Palace,Chelsea,9.0,4.0,70.27,85.22,0.2,0.0,0.8,0.6,0.4,16.36966215688274,49.19455351585036,0.906875,2.04764705882353,1.17,1.75,,,,0,0,1
1479,2020-04-18,2019,34,AFC Bournemouth,Tottenham Hotspur,15.0,5.0,68.97,83.27,0.4,0.2,0.4,0.6,0.4,30.44952773454216,42.298942816917155,1.18117647058824,1.3517647058823503,1.36,1.9,,,,0,0,1
1480,2020-04-25,2019,35,AFC Bournemouth,Leicester City,15.0,3.0,68.97,83.55,0.5,0.3333333333333333,0.16666666666666666,0.4,0.6,30.44952773454216,54.21174758730456,1.18117647058824,1.6941176470588202,1.22,1.65,,,,0,0,1
1481,2020-04-25,2019,35,Liverpool,Burnley,1.0,14.0,92.56,69.34,0.8888888888888888,0.1111111111111111,0.0,0.6,0.6,60.33987152434576,24.541031340495152,2.02352941176471,1.39941176470588,2.72,0.55,,,,0,0,1
1482,2020-04-25,2019,35,Tottenham Hotspur,Arsenal,5.0,8.0,83.27,75.54,0.5,0.3,0.2,0.4,0.6,44.61340936136675,19.994173918019115,1.3517647058823503,1.34,2.21,1.33,,,,0,0,1
1483,2020-04-25,2019,35,Wolverhampton Wanderers,Everton,7.0,11.0,76.17,77.53,0.16666666666666666,0.6666666666666666,0.16666666666666666,0.6,0.4,27.908426495678768,13.811255608579465,1.37882352941176,1.40588235294118,1.4,1.14,,,,0,0,1
1484,2020-04-25,2019,35,Sheffield United,Chelsea,10.0,4.0,70.44,85.22,0.6,0.0,0.4,0.6,0.6,14.4861601992875,49.19455351585036,1.2558823529411798,2.04764705882353,1.17,1.73,,,,0,0,1
1485,2020-04-25,2019,35,Aston Villa,Crystal Palace,18.0,9.0,65.24,70.27,0.5,0.3,0.2,0.4,0.6,37.13297257434714,15.467164055529114,1.3764705882352901,0.906875,1.45,1.23,,,,0,0,1
1486,2020-04-25,2019,35,Norwich City,West Ham United,20.0,17.0,59.79,64.92,0.4444444444444444,0.4444444444444444,0.1111111111111111,0.4,0.4,37.220836902432126,35.79876593547655,1.05411764705882,1.17470588235294,1.51,1.41,,,,0,0,1
1487,2020-04-25,2019,35,Watford,Newcastle United,19.0,12.0,67.57,64.79,0.4,0.5,0.1,0.4,0.4,37.464063436730385,16.232827938513015,1.14529411764706,0.8023529411764709,1.44,0.96,,,,0,0,1
1488,2020-04-25,2019,35,Brighton & Hove Albion,Manchester City,13.0,2.0,68.71,94.9,0.0,0.25,0.75,0.4,0.4,21.98888029938385,56.919483300966064,1.3525,2.79882352941176,0.99,2.74,,,,0,0,1
1489,2020-04-25,2019,35,Manchester United,Southampton,6.0,16.0,81.2,66.58,0.6,0.2,0.2,0.6,0.6,36.196022002218704,32.90679413076267,1.7358823529411798,1.47117647058824,2.02,0.92,,,,0,0,1
1490,2020-05-02,2019,36,Everton,Aston Villa,10.0,18.0,77.53,65.24,0.4,0.5,0.1,0.6,0.4,14.4861601992875,37.513584639800364,1.40588235294118,1.3764705882352901,1.95,1.01,,,,0,0,1
1491,2020-05-02,2019,36,Leicester City,Sheffield United,3.0,11.0,83.55,70.44,0.5,0.25,0.25,0.6,0.4,57.20215812535474,13.811255608579465,1.6941176470588202,1.2558823529411798,1.83,0.75,,,,0,0,1
1492,2020-05-02,2019,36,Newcastle United,Tottenham Hotspur,12.0,5.0,64.79,83.27,0.3,0.2,0.5,0.6,0.4,17.985921993906615,42.298942816917155,0.8023529411764709,1.3517647058823503,1.15,1.9,,,,0,0,1
1493,2020-05-02,2019,36,Crystal Palace,Manchester United,9.0,6.0,70.27,81.2,0.0,0.3,0.7,0.6,0.4,16.36966215688274,34.38874065106902,0.906875,1.7358823529411798,1.16,1.38,,,,0,0,1
1494,2020-05-02,2019,36,Southampton,Brighton & Hove Albion,16.0,13.0,66.58,68.71,0.2857142857142857,0.5714285714285714,0.14285714285714285,0.6,0.4,33.714236167430855,20.048872626102778,1.47117647058824,1.3525,1.58,1.3,,,,0,0,1
1495,2020-05-02,2019,36,West Ham United,Watford,17.0,19.0,64.92,67.57,0.4,0.1,0.5,0.6,0.4,35.94234272955908,38.103508917385525,1.17470588235294,1.14529411764706,1.5,1.21,,,,0,0,1
1496,2020-05-02,2019,36,Chelsea,Norwich City,4.0,20.0,85.22,59.79,0.7,0.2,0.1,0.6,0.4,51.92734306280432,37.819685797590765,2.04764705882353,1.05411764705882,2.7,0.66,,,,0,0,1
1497,2020-05-02,2019,36,Manchester City,AFC Bournemouth,2.0,15.0,94.9,68.97,1.0,0.0,0.0,0.6,0.4,59.98592035352605,29.019796458404816,2.79882352941176,1.18117647058824,3.21,0.55,,,,0,0,1
1498,2020-05-02,2019,36,Burnley,Wolverhampton Wanderers,14.0,7.0,69.34,76.17,0.4,0.2,0.4,0.6,0.4,26.379884343587353,26.583351416703255,1.39941176470588,1.37882352941176,1.29,1.22,,,,0,0,1
1499,2020-05-02,2019,36,Arsenal,Liverpool,8.0,1.0,75.54,92.56,0.3,0.5,0.2,0.6,0.4,20.987310629931727,57.357622758212045,1.34,2.02352941176471,1.3,2.27,,,,0,0,1
1500,2020-05-09,2019,37,Sheffield United,Everton,11.0,10.0,70.44,77.53,0.5,0.5,0.0,0.4,0.4,15.214235380893413,13.419482258863614,1.2558823529411798,1.40588235294118,1.24,1.26,,,,0,0,1
1501,2020-05-09,2019,37,Norwich City,Burnley,20.0,14.0,59.79,69.34,0.6,0.2,0.2,0.6,0.6,37.220836902432126,24.541031340495152,1.05411764705882,1.39941176470588,1.35,1.41,,,,0,0,1
1502,2020-05-09,2019,37,Tottenham Hotspur,Leicester City,5.0,3.0,83.27,83.55,0.5,0.3,0.2,0.6,0.6,44.61340936136675,54.21174758730456,1.3517647058823503,1.6941176470588202,1.78,1.38,,,,0,0,1
1503,2020-05-09,2019,37,Wolverhampton Wanderers,Crystal Palace,7.0,9.0,76.17,70.27,0.3,0.2,0.5,0.6,0.4,27.908426495678768,15.467164055529114,1.37882352941176,0.906875,1.48,0.85,,,,0,0,1
1504,2020-05-09,2019,37,Liverpool,Chelsea,1.0,4.0,92.56,85.22,0.2,0.5,0.3,0.6,0.6,60.33987152434576,49.19455351585036,2.02352941176471,2.04764705882353,2.21,1.19,,,,0,0,1
1505,2020-05-09,2019,37,Aston Villa,Arsenal,18.0,8.0,65.24,75.54,0.0,0.3,0.7,0.4,0.4,37.13297257434714,19.994173918019115,1.3764705882352901,1.34,1.55,1.78,,,,0,0,1
1506,2020-05-09,2019,37,Brighton & Hove Albion,Newcastle United,13.0,12.0,68.71,64.79,0.5,0.375,0.125,0.4,0.6,21.98888029938385,16.232827938513015,1.3525,0.8023529411764709,1.55,0.98,,,,0,0,1
1507,2020-05-09,2019,37,AFC Bournemouth,Southampton,15.0,16.0,68.97,66.58,0.16666666666666666,0.5,0.3333333333333333,0.4,0.6,30.44952773454216,32.90679413076267,1.18117647058824,1.47117647058824,1.68,1.23,,,,0,0,1
1508,2020-05-09,2019,37,Watford,Manchester City,19.0,2.0,67.57,94.9,0.0,0.14285714285714285,0.8571428571428571,0.4,0.4,37.464063436730385,56.919483300966064,1.14529411764706,2.79882352941176,0.91,2.68,,,,0,0,1
1509,2020-05-09,2019,37,Manchester United,West Ham United,6.0,17.0,81.2,64.92,0.7,0.3,0.0,0.6,0.4,36.196022002218704,35.79876593547655,1.7358823529411798,1.17470588235294,2.06,0.88,,,,0,0,1
1510,2020-05-17,2019,38,Southampton,Sheffield United,16.0,11.0,66.58,70.44,0.5,0.125,0.375,0.6,0.4,33.714236167430855,13.811255608579465,1.47117647058824,1.2558823529411798,1.44,1.18,,,,0,0,1
1511,2020-05-17,2019,38,Chelsea,Wolverhampton Wanderers,4.0,7.0,85.22,76.17,0.75,0.25,0.0,0.6,0.4,51.92734306280432,26.583351416703255,2.04764705882353,1.37882352941176,1.94,0.96,,,,0,0,1
1512,2020-05-17,2019,38,West Ham United,Aston Villa,17.0,18.0,64.92,65.24,0.4,0.4,0.2,0.6,0.4,35.94234272955908,37.513584639800364,1.17470588235294,1.3764705882352901,1.69,1.37,,,,0,0,1
1513,2020-05-17,2019,38,Arsenal,Watford,8.0,19.0,75.54,67.57,0.75,0.0,0.25,0.6,0.4,20.987310629931727,38.103508917385525,1.34,1.14529411764706,1.9,1.05,,,,0,0,1
1514,2020-05-17,2019,38,Manchester City,Norwich City,2.0,20.0,94.9,59.79,0.7,0.1,0.2,0.6,0.4,59.98592035352605,37.819685797590765,2.79882352941176,1.05411764705882,3.61,0.42,,,,0,0,1
1515,2020-05-17,2019,38,Newcastle United,Liverpool,13.0,1.0,64.79,92.56,0.4,0.2,0.4,0.6,0.4,21.98888029938385,57.357622758212045,0.8023529411764709,2.02352941176471,0.86,2.32,,,,0,0,1
1516,2020-05-17,2019,38,Burnley,Brighton & Hove Albion,14.0,12.0,69.34,68.71,0.3,0.5,0.2,0.6,0.4,26.379884343587353,16.232827938513015,1.39941176470588,1.3525,1.53,1.16,,,,0,0,1
1517,2020-05-17,2019,38,Leicester City,Manchester United,3.0,6.0,83.55,81.2,0.1,0.2,0.7,0.6,0.4,57.20215812535474,34.38874065106902,1.6941176470588202,1.7358823529411798,1.63,1.13,,,,0,0,1
1518,2020-05-17,2019,38,Crystal Palace,Tottenham Hotspur,10.0,5.0,70.27,83.27,0.3,0.0,0.7,0.6,0.4,14.4861601992875,42.298942816917155,0.906875,1.3517647058823503,1.24,1.72,,,,0,0,1
1519,2020-05-17,2019,38,Everton,AFC Bournemouth,9.0,15.0,77.53,68.97,1.0,0.0,0.0,0.6,0.4,16.36966215688274,29.019796458404816,1.40588235294118,1.18117647058824,1.78,1.01,,,,0,0,1
