,index,Date,Season,Round,home,visitor,proj_score1,proj_score2,home_result,win_prob,draw_prob,loss_prob
0,1140,2019-08-09,2019,1,Liverpool,Norwich City,2.84,0.34,win,1.0,0.0,0.0
1,1141,2019-08-10,2019,1,West Ham United,Manchester City,0.82,2.52,loss,0.0,0.0,1.0
2,1142,2019-08-10,2019,1,Watford,Brighton & Hove Albion,1.67,1.05,loss,0.0,0.0,1.0
3,1143,2019-08-10,2019,1,Crystal Palace,Everton,1.33,1.38,draw,0.0,1.0,0.0
4,1144,2019-08-10,2019,1,Burnley,Southampton,1.53,1.2,win,1.0,0.0,0.0
5,1145,2019-08-10,2019,1,AFC Bournemouth,Sheffield United,1.8,1.02,draw,0.0,1.0,0.0
6,1146,2019-08-10,2019,1,Tottenham Hotspur,Aston Villa,2.18,0.62,win,1.0,0.0,0.0
7,1147,2019-08-11,2019,1,Newcastle United,Arsenal,1.33,1.65,loss,0.0,0.0,1.0
8,1148,2019-08-11,2019,1,Leicester City,Wolverhampton Wanderers,1.48,1.04,draw,0.0,1.0,0.0
9,1149,2019-08-11,2019,1,Manchester United,Chelsea,1.48,1.52,win,1.0,0.0,0.0
10,1150,2019-08-17,2019,2,Arsenal,Burnley,2.1,0.93,win,1.0,0.0,0.0
11,1151,2019-08-17,2019,2,Aston Villa,AFC Bournemouth,1.48,1.37,loss,0.0,0.0,1.0
12,1152,2019-08-17,2019,2,Norwich City,Newcastle United,1.26,1.14,win,1.0,0.0,0.0
13,1153,2019-08-17,2019,2,Southampton,Liverpool,0.96,2.32,loss,0.0,0.0,1.0
14,1154,2019-08-17,2019,2,Everton,Watford,1.83,0.9,win,1.0,0.0,0.0
15,1155,2019-08-17,2019,2,Brighton & Hove Albion,West Ham United,1.39,1.27,draw,0.0,1.0,0.0
16,1156,2019-08-17,2019,2,Manchester City,Tottenham Hotspur,2.21,0.8,draw,0.0,1.0,0.0
17,1157,2019-08-18,2019,2,Sheffield United,Crystal Palace,1.28,1.26,win,1.0,0.0,0.0
18,1158,2019-08-18,2019,2,Chelsea,Leicester City,1.89,0.84,draw,0.0,1.0,0.0
19,1159,2019-08-19,2019,2,Wolverhampton Wanderers,Manchester United,1.26,1.49,draw,0.0,1.0,0.0
20,1160,2019-08-23,2019,3,Aston Villa,Everton,1.12,1.37,win,1.0,0.0,0.0
21,1161,2019-08-24,2019,3,Norwich City,Chelsea,1.02,1.81,loss,0.0,0.0,1.0
22,1162,2019-08-24,2019,3,Sheffield United,Leicester City,1.13,1.26,loss,0.0,0.0,1.0
23,1163,2019-08-24,2019,3,Manchester United,Crystal Palace,2.03,0.88,loss,0.0,0.0,1.0
24,1164,2019-08-24,2019,3,Brighton & Hove Albion,Southampton,1.37,1.2,loss,0.0,0.0,1.0
25,1165,2019-08-24,2019,3,Watford,West Ham United,1.63,1.29,loss,0.0,0.0,1.0
26,1166,2019-08-24,2019,3,Liverpool,Arsenal,2.34,1.02,win,1.0,0.0,0.0
27,1167,2019-08-25,2019,3,AFC Bournemouth,Manchester City,0.85,2.74,loss,0.0,0.0,1.0
28,1168,2019-08-25,2019,3,Tottenham Hotspur,Newcastle United,2.08,0.68,loss,0.0,0.0,1.0
29,1169,2019-08-25,2019,3,Wolverhampton Wanderers,Burnley,1.5,0.97,draw,0.0,1.0,0.0
30,1170,2019-08-31,2019,4,Southampton,Manchester United,1.26,1.69,draw,0.0,1.0,0.0
31,1171,2019-08-31,2019,4,Leicester City,AFC Bournemouth,1.8,1.1,win,1.0,0.0,0.0
32,1172,2019-08-31,2019,4,Crystal Palace,Aston Villa,1.6,1.02,win,1.0,0.0,0.0
33,1173,2019-08-31,2019,4,Newcastle United,Watford,1.56,1.15,draw,0.0,1.0,0.0
34,1174,2019-08-31,2019,4,Chelsea,Sheffield United,2.2,0.58,draw,0.0,1.0,0.0
35,1175,2019-08-31,2019,4,Manchester City,Brighton & Hove Albion,3.03,0.22,win,1.0,0.0,0.0
36,1176,2019-08-31,2019,4,West Ham United,Norwich City,1.74,1.11,win,1.0,0.0,0.0
37,1177,2019-08-31,2019,4,Burnley,Liverpool,0.96,2.26,loss,0.0,0.0,1.0
38,1178,2019-09-01,2019,4,Everton,Wolverhampton Wanderers,1.46,0.83,win,1.0,0.0,0.0
39,1179,2019-09-01,2019,4,Arsenal,Tottenham Hotspur,1.58,1.52,draw,0.0,1.0,0.0
40,1180,2019-09-14,2019,5,Liverpool,Newcastle United,2.61,0.36,win,1.0,0.0,0.0
41,1181,2019-09-14,2019,5,Tottenham Hotspur,Crystal Palace,2.05,0.82,win,1.0,0.0,0.0
42,1182,2019-09-14,2019,5,Wolverhampton Wanderers,Chelsea,1.21,1.6,loss,0.0,0.0,1.0
43,1183,2019-09-14,2019,5,Brighton & Hove Albion,Burnley,1.35,1.14,draw,0.0,1.0,0.0
44,1184,2019-09-14,2019,5,Manchester United,Leicester City,1.76,0.99,win,1.0,0.0,0.0
45,1185,2019-09-14,2019,5,Sheffield United,Southampton,1.33,1.19,loss,0.0,0.0,1.0
46,1186,2019-09-14,2019,5,Norwich City,Manchester City,0.71,2.72,win,1.0,0.0,0.0
47,1187,2019-09-15,2019,5,AFC Bournemouth,Everton,1.44,1.5,win,1.0,0.0,0.0
48,1188,2019-09-15,2019,5,Watford,Arsenal,1.45,1.9,draw,0.0,1.0,0.0
49,1189,2019-09-16,2019,5,Aston Villa,West Ham United,1.45,1.34,draw,0.0,1.0,0.0
50,1190,2019-09-20,2019,6,Southampton,AFC Bournemouth,1.69,1.35,loss,0.0,0.0,1.0
51,1191,2019-09-21,2019,6,Leicester City,Tottenham Hotspur,1.25,1.45,win,1.0,0.0,0.0
52,1192,2019-09-21,2019,6,Everton,Sheffield United,1.68,0.78,loss,0.0,0.0,1.0
53,1193,2019-09-21,2019,6,Manchester City,Watford,3.24,0.46,win,1.0,0.0,0.0
54,1194,2019-09-21,2019,6,Burnley,Norwich City,1.57,1.06,win,1.0,0.0,0.0
55,1195,2019-09-21,2019,6,Newcastle United,Brighton & Hove Albion,1.41,0.94,draw,0.0,1.0,0.0
56,1196,2019-09-22,2019,6,Crystal Palace,Wolverhampton Wanderers,1.43,1.12,draw,0.0,1.0,0.0
57,1197,2019-09-22,2019,6,West Ham United,Manchester United,1.24,1.7,win,1.0,0.0,0.0
58,1198,2019-09-22,2019,6,Chelsea,Liverpool,1.43,1.82,loss,0.0,0.0,1.0
59,1199,2019-09-22,2019,6,Arsenal,Aston Villa,2.15,0.88,win,1.0,0.0,0.0
60,1200,2019-09-28,2019,7,Sheffield United,Liverpool,0.77,2.29,loss,0.0,0.0,1.0
61,1201,2019-09-28,2019,7,AFC Bournemouth,West Ham United,1.73,1.41,draw,0.0,1.0,0.0
62,1202,2019-09-28,2019,7,Tottenham Hotspur,Southampton,2.12,0.83,win,1.0,0.0,0.0
63,1203,2019-09-28,2019,7,Crystal Palace,Norwich City,1.65,1.05,win,1.0,0.0,0.0
64,1204,2019-09-28,2019,7,Aston Villa,Burnley,1.36,1.16,draw,0.0,1.0,0.0
65,1205,2019-09-28,2019,7,Wolverhampton Wanderers,Watford,1.71,1.18,win,1.0,0.0,0.0
66,1206,2019-09-28,2019,7,Chelsea,Brighton & Hove Albion,2.14,0.69,win,1.0,0.0,0.0
67,1207,2019-09-28,2019,7,Everton,Manchester City,0.9,2.34,loss,0.0,0.0,1.0
68,1208,2019-09-29,2019,7,Leicester City,Newcastle United,1.58,0.77,win,1.0,0.0,0.0
69,1209,2019-09-30,2019,7,Manchester United,Arsenal,1.84,1.36,draw,0.0,1.0,0.0
70,1210,2019-10-05,2019,8,Brighton & Hove Albion,Tottenham Hotspur,1.07,1.74,win,1.0,0.0,0.0
71,1211,2019-10-05,2019,8,Burnley,Everton,1.32,1.27,win,1.0,0.0,0.0
72,1212,2019-10-05,2019,8,Norwich City,Aston Villa,1.48,1.13,loss,0.0,0.0,1.0
73,1213,2019-10-05,2019,8,Watford,Sheffield United,1.62,1.1,draw,0.0,1.0,0.0
74,1214,2019-10-05,2019,8,Liverpool,Leicester City,2.17,0.73,win,1.0,0.0,0.0
75,1215,2019-10-05,2019,8,West Ham United,Crystal Palace,1.56,1.19,loss,0.0,0.0,1.0
76,1216,2019-10-06,2019,8,Southampton,Chelsea,1.19,1.86,loss,0.0,0.0,1.0
77,1217,2019-10-06,2019,8,Arsenal,AFC Bournemouth,2.48,1.23,win,1.0,0.0,0.0
78,1218,2019-10-06,2019,8,Manchester City,Wolverhampton Wanderers,3.03,0.35,loss,0.0,0.0,1.0
79,1219,2019-10-06,2019,8,Newcastle United,Manchester United,1.04,1.42,win,1.0,0.0,0.0
80,1220,2019-10-19,2019,9,Everton,West Ham United,1.71,1.0,win,1.0,0.0,0.0
81,1221,2019-10-19,2019,9,Tottenham Hotspur,Watford,2.2,1.03,draw,0.0,1.0,0.0
82,1222,2019-10-19,2019,9,Aston Villa,Brighton & Hove Albion,1.43,1.12,win,1.0,0.0,0.0
83,1223,2019-10-19,2019,9,Chelsea,Newcastle United,2.2,0.64,win,1.0,0.0,0.0
84,1224,2019-10-19,2019,9,AFC Bournemouth,Norwich City,1.98,1.23,draw,0.0,1.0,0.0
85,1225,2019-10-19,2019,9,Wolverhampton Wanderers,Southampton,1.47,1.03,draw,0.0,1.0,0.0
86,1226,2019-10-19,2019,9,Leicester City,Burnley,1.67,0.81,win,1.0,0.0,0.0
87,1227,2019-10-19,2019,9,Crystal Palace,Manchester City,0.9,2.62,loss,0.0,0.0,1.0
88,1228,2019-10-20,2019,9,Manchester United,Liverpool,1.09,1.83,draw,0.0,1.0,0.0
89,1229,2019-10-21,2019,9,Sheffield United,Arsenal,1.14,1.74,win,1.0,0.0,0.0
90,1230,2019-10-25,2019,10,Southampton,Leicester City,1.28,1.3,loss,0.0,0.0,1.0
91,1231,2019-10-26,2019,10,Manchester City,Aston Villa,3.49,0.42,win,1.0,0.0,0.0
92,1232,2019-10-26,2019,10,Watford,AFC Bournemouth,1.7,1.38,draw,0.0,1.0,0.0
93,1233,2019-10-26,2019,10,West Ham United,Sheffield United,1.49,0.98,draw,0.0,1.0,0.0
94,1234,2019-10-26,2019,10,Brighton & Hove Albion,Everton,1.21,1.25,win,1.0,0.0,0.0
95,1235,2019-10-26,2019,10,Burnley,Chelsea,1.08,1.83,loss,0.0,0.0,1.0
96,1236,2019-10-27,2019,10,Newcastle United,Wolverhampton Wanderers,1.19,1.02,draw,0.0,1.0,0.0
97,1237,2019-10-27,2019,10,Arsenal,Crystal Palace,2.1,1.01,draw,0.0,1.0,0.0
98,1238,2019-10-27,2019,10,Liverpool,Tottenham Hotspur,2.4,0.98,win,1.0,0.0,0.0
99,1239,2019-10-27,2019,10,Norwich City,Manchester United,1.09,1.52,loss,0.0,0.0,1.0
100,1240,2019-11-02,2019,11,AFC Bournemouth,Manchester United,1.22,1.47,win,1.0,0.0,0.0
101,1241,2019-11-02,2019,11,Aston Villa,Liverpool,0.9,2.58,loss,0.0,0.0,1.0
102,1242,2019-11-02,2019,11,Arsenal,Wolverhampton Wanderers,1.92,1.01,draw,0.0,1.0,0.0
103,1243,2019-11-02,2019,11,West Ham United,Newcastle United,1.54,1.02,loss,0.0,0.0,1.0
104,1244,2019-11-02,2019,11,Manchester City,Southampton,3.49,0.41,win,1.0,0.0,0.0
105,1245,2019-11-02,2019,11,Brighton & Hove Albion,Norwich City,1.67,1.04,win,1.0,0.0,0.0
106,1246,2019-11-02,2019,11,Sheffield United,Burnley,1.25,1.13,win,1.0,0.0,0.0
107,1247,2019-11-02,2019,11,Watford,Chelsea,1.16,1.97,loss,0.0,0.0,1.0
108,1248,2019-11-03,2019,11,Crystal Palace,Leicester City,1.17,1.51,loss,0.0,0.0,1.0
109,1249,2019-11-03,2019,11,Everton,Tottenham Hotspur,1.41,1.5,draw,0.0,1.0,0.0
110,1250,2019-11-08,2019,12,Norwich City,Watford,1.42,1.46,loss,0.0,0.0,1.0
111,1251,2019-11-09,2019,12,Chelsea,Crystal Palace,2.3,0.76,win,1.0,0.0,0.0
112,1252,2019-11-09,2019,12,Burnley,West Ham United,1.66,1.29,win,1.0,0.0,0.0
113,1253,2019-11-09,2019,12,Newcastle United,AFC Bournemouth,1.39,1.25,win,1.0,0.0,0.0
114,1254,2019-11-09,2019,12,Southampton,Everton,1.29,1.37,loss,0.0,0.0,1.0
115,1255,2019-11-09,2019,12,Tottenham Hotspur,Sheffield United,2.08,0.74,draw,0.0,1.0,0.0
116,1256,2019-11-09,2019,12,Leicester City,Arsenal,1.84,1.18,win,1.0,0.0,0.0
117,1257,2019-11-10,2019,12,Manchester United,Brighton & Hove Albion,1.71,0.76,win,1.0,0.0,0.0
118,1258,2019-11-10,2019,12,Wolverhampton Wanderers,Aston Villa,1.56,1.0,win,1.0,0.0,0.0
119,1259,2019-11-10,2019,12,Liverpool,Manchester City,1.75,1.8,win,1.0,0.0,0.0
120,1260,2019-11-23,2019,13,West Ham United,Tottenham Hotspur,1.37,1.99,loss,0.0,0.0,1.0
121,1261,2019-11-23,2019,13,Arsenal,Southampton,2.15,1.11,draw,0.0,1.0,0.0
122,1262,2019-11-23,2019,13,Everton,Norwich City,1.95,0.77,loss,0.0,0.0,1.0
123,1263,2019-11-23,2019,13,AFC Bournemouth,Wolverhampton Wanderers,1.44,1.14,loss,0.0,0.0,1.0
124,1264,2019-11-23,2019,13,Crystal Palace,Liverpool,0.85,2.36,loss,0.0,0.0,1.0
125,1265,2019-11-23,2019,13,Brighton & Hove Albion,Leicester City,1.08,1.58,loss,0.0,0.0,1.0
126,1266,2019-11-23,2019,13,Watford,Burnley,1.53,1.18,loss,0.0,0.0,1.0
127,1267,2019-11-23,2019,13,Manchester City,Chelsea,2.52,1.11,win,1.0,0.0,0.0
128,1268,2019-11-24,2019,13,Sheffield United,Manchester United,1.02,1.35,draw,0.0,1.0,0.0
129,1269,2019-11-25,2019,13,Aston Villa,Newcastle United,1.53,1.09,win,1.0,0.0,0.0
130,1270,2019-11-30,2019,14,Newcastle United,Manchester City,0.79,2.76,draw,0.0,1.0,0.0
131,1271,2019-11-30,2019,14,Chelsea,West Ham United,2.7,0.78,loss,0.0,0.0,1.0
132,1272,2019-11-30,2019,14,Tottenham Hotspur,AFC Bournemouth,2.32,1.01,win,1.0,0.0,0.0
133,1273,2019-11-30,2019,14,Burnley,Crystal Palace,1.52,1.11,loss,0.0,0.0,1.0
134,1274,2019-11-30,2019,14,Liverpool,Brighton & Hove Albion,2.91,0.4,win,1.0,0.0,0.0
135,1275,2019-11-30,2019,14,Southampton,Watford,1.61,1.26,win,1.0,0.0,0.0
136,1276,2019-12-01,2019,14,Wolverhampton Wanderers,Sheffield United,1.46,0.86,draw,0.0,1.0,0.0
137,1277,2019-12-01,2019,14,Norwich City,Arsenal,1.44,1.86,draw,0.0,1.0,0.0
138,1278,2019-12-01,2019,14,Leicester City,Everton,1.69,0.8,win,1.0,0.0,0.0
139,1279,2019-12-01,2019,14,Manchester United,Aston Villa,1.88,0.91,draw,0.0,1.0,0.0
140,1280,2019-12-03,2019,15,Crystal Palace,AFC Bournemouth,1.57,1.22,win,1.0,0.0,0.0
141,1281,2019-12-03,2019,15,Burnley,Manchester City,0.93,2.65,loss,0.0,0.0,1.0
142,1282,2019-12-04,2019,15,Southampton,Norwich City,1.83,1.13,win,1.0,0.0,0.0
143,1283,2019-12-04,2019,15,Leicester City,Watford,2.06,0.73,win,1.0,0.0,0.0
144,1284,2019-12-04,2019,15,Chelsea,Aston Villa,2.54,0.75,win,1.0,0.0,0.0
145,1285,2019-12-04,2019,15,Manchester United,Tottenham Hotspur,1.56,1.57,win,1.0,0.0,0.0
146,1286,2019-12-04,2019,15,Wolverhampton Wanderers,West Ham United,1.62,1.07,win,1.0,0.0,0.0
147,1287,2019-12-04,2019,15,Liverpool,Everton,2.36,0.63,win,1.0,0.0,0.0
148,1288,2019-12-05,2019,15,Sheffield United,Newcastle United,1.45,0.92,loss,0.0,0.0,1.0
149,1289,2019-12-05,2019,15,Arsenal,Brighton & Hove Albion,1.96,1.17,loss,0.0,0.0,1.0
150,1290,2019-12-07,2019,16,Everton,Chelsea,1.3,1.71,win,1.0,0.0,0.0
151,1291,2019-12-07,2019,16,AFC Bournemouth,Liverpool,1.03,2.44,loss,0.0,0.0,1.0
152,1292,2019-12-07,2019,16,Tottenham Hotspur,Burnley,2.22,0.97,win,1.0,0.0,0.0
153,1293,2019-12-07,2019,16,Watford,Crystal Palace,1.39,1.12,draw,0.0,1.0,0.0
154,1294,2019-12-07,2019,16,Manchester City,Manchester United,2.66,0.67,loss,0.0,0.0,1.0
155,1295,2019-12-08,2019,16,Aston Villa,Leicester City,1.16,1.71,loss,0.0,0.0,1.0
156,1296,2019-12-08,2019,16,Newcastle United,Southampton,1.44,1.25,win,1.0,0.0,0.0
157,1297,2019-12-08,2019,16,Norwich City,Sheffield United,1.33,1.28,loss,0.0,0.0,1.0
158,1298,2019-12-08,2019,16,Brighton & Hove Albion,Wolverhampton Wanderers,1.32,1.14,draw,0.0,1.0,0.0
159,1299,2019-12-09,2019,16,West Ham United,Arsenal,1.64,1.69,loss,0.0,0.0,1.0
160,1300,2019-12-14,2019,17,Liverpool,Watford,2.83,0.47,win,1.0,0.0,0.0
161,1301,2019-12-14,2019,17,Burnley,Newcastle United,1.52,1.18,win,1.0,0.0,0.0
162,1302,2019-12-14,2019,17,Leicester City,Norwich City,2.49,0.55,draw,0.0,1.0,0.0
163,1303,2019-12-14,2019,17,Chelsea,AFC Bournemouth,1.6,0.96,win,1.0,0.0,0.0
164,1304,2019-12-14,2019,17,Sheffield United,Aston Villa,2.51,0.8,loss,0.0,0.0,1.0
165,1305,2019-12-14,2019,17,Southampton,West Ham United,1.72,1.29,loss,0.0,0.0,1.0
166,1306,2019-12-15,2019,17,Manchester United,Everton,1.33,1.62,loss,0.0,0.0,1.0
167,1307,2019-12-15,2019,17,Wolverhampton Wanderers,Tottenham Hotspur,1.71,1.02,draw,0.0,1.0,0.0
168,1308,2019-12-15,2019,17,Arsenal,Manchester City,1.25,2.71,loss,0.0,0.0,1.0
169,1309,2019-12-16,2019,17,Crystal Palace,Brighton & Hove Albion,1.42,1.08,draw,0.0,1.0,0.0
170,1310,2019-12-21,2019,18,Everton,Arsenal,1.69,1.25,draw,0.0,1.0,0.0
171,1311,2019-12-21,2019,18,AFC Bournemouth,Burnley,1.69,1.34,loss,0.0,0.0,1.0
172,1312,2019-12-21,2019,18,West Ham United,Liverpool,1.28,1.04,loss,0.0,0.0,1.0
173,1313,2019-12-21,2019,18,Brighton & Hove Albion,Sheffield United,1.46,1.04,loss,0.0,0.0,1.0
174,1314,2019-12-21,2019,18,Newcastle United,Crystal Palace,1.21,1.43,loss,0.0,0.0,1.0
175,1315,2019-12-21,2019,18,Norwich City,Wolverhampton Wanderers,1.56,1.17,loss,0.0,0.0,1.0
176,1316,2019-12-21,2019,18,Aston Villa,Southampton,0.96,2.52,loss,0.0,0.0,1.0
177,1317,2019-12-21,2019,18,Manchester City,Leicester City,2.55,0.79,win,1.0,0.0,0.0
178,1318,2019-12-22,2019,18,Watford,Manchester United,1.15,1.46,win,1.0,0.0,0.0
179,1319,2019-12-22,2019,18,Tottenham Hotspur,Chelsea,1.85,1.64,win,1.0,0.0,0.0
180,1320,2019-12-26,2019,19,Tottenham Hotspur,Brighton & Hove Albion,2.25,0.98,win,0.7731063526467373,0.21094252302859384,0.015951124324668785
181,1321,2019-12-26,2019,19,Aston Villa,Norwich City,1.82,1.17,draw,0.448599471397576,0.46052768126084126,0.09087284734158281
182,1322,2019-12-26,2019,19,Chelsea,Southampton,2.47,0.88,win,0.6152075506316952,0.2885643820324343,0.09622806733587044
183,1323,2019-12-26,2019,19,Everton,Burnley,1.74,0.97,win,0.4412990114175566,0.3876775427010019,0.17102344588144153
184,1324,2019-12-26,2019,19,Sheffield United,Watford,1.41,0.95,win,0.664257807659313,0.2974444108872209,0.03829778145346608
185,1325,2019-12-26,2019,19,Crystal Palace,West Ham United,1.57,1.05,draw,0.3893022146566846,0.4277602799890908,0.18293750535422473
186,1326,2019-12-26,2019,19,AFC Bournemouth,Arsenal,1.54,1.59,loss,0.06075419006100182,0.2240730036787628,0.7151728062602354
187,1327,2019-12-26,2019,19,Manchester United,Newcastle United,1.9,0.72,win,0.46571246884979184,0.38327625701062323,0.15101127413958496
188,1328,2019-12-26,2019,19,Leicester City,Liverpool,1.34,1.76,loss,0.01788013253275101,0.06774885838555718,0.9143710090816918
189,1329,2019-12-27,2019,19,Wolverhampton Wanderers,Manchester City,1.04,2.29,loss,0.025872826863443457,0.08630650530225596,0.8878206678343006
190,1330,2019-12-28,2019,20,Brighton & Hove Albion,AFC Bournemouth,1.55,1.22,draw,0.2347769529587315,0.47325692679319875,0.2919661202480696
191,1331,2019-12-28,2019,20,Watford,Aston Villa,1.59,1.19,loss,0.14990421093324763,0.3711165250690303,0.4789792639977221
192,1332,2019-12-28,2019,20,Southampton,Crystal Palace,1.45,1.18,loss,0.06664498003874715,0.31423909578848214,0.6191159241727706
193,1333,2019-12-28,2019,20,Newcastle United,Everton,1.15,1.43,loss,0.013725694193247982,0.12228992433041892,0.8639843814763332
194,1334,2019-12-28,2019,20,Norwich City,Tottenham Hotspur,1.19,2.21,loss,0.027329040123875284,0.18339012842297042,0.7892808314531544
195,1335,2019-12-28,2019,20,West Ham United,Leicester City,1.19,1.81,draw,0.21361717381195175,0.3984146484202667,0.38796817776778153
196,1336,2019-12-28,2019,20,Burnley,Manchester United,1.24,1.5,win,0.6213526576944993,0.2686660163040443,0.10998132600145649
197,1337,2019-12-29,2019,20,Arsenal,Chelsea,1.59,1.88,loss,0.2654827524158195,0.3136018339852579,0.42091541359892254
198,1338,2019-12-29,2019,20,Liverpool,Wolverhampton Wanderers,2.38,0.6,win,0.7827547822063154,0.17976141754313527,0.03748380025054924
199,1339,2019-12-29,2019,20,Manchester City,Sheffield United,2.95,0.46,win,0.46491049405649865,0.31978858050831105,0.21530092543519028
200,1340,2020-01-01,2019,21,Brighton & Hove Albion,Chelsea,1.26,1.92,loss,0.03045280136183238,0.10634534978701118,0.8632018488511564
201,1341,2020-01-01,2019,21,Burnley,Aston Villa,1.69,1.19,draw,0.40542605167270707,0.44476024265396974,0.14981370567332308
202,1342,2020-01-01,2019,21,Watford,Wolverhampton Wanderers,1.2,1.22,loss,0.22309384660884035,0.38365511037111016,0.3932510430200495
203,1343,2020-01-01,2019,21,Newcastle United,Leicester City,1.03,1.65,loss,0.10421613871304079,0.29331683715698087,0.6024670241299783
204,1344,2020-01-01,2019,21,Southampton,Tottenham Hotspur,1.37,2.04,loss,0.04795963367857789,0.22680266895205242,0.7252376973693696
205,1345,2020-01-01,2019,21,Norwich City,Crystal Palace,1.26,1.3,loss,0.03661173664784525,0.27083401121377376,0.692554252138381
206,1346,2020-01-01,2019,21,Manchester City,Everton,2.82,0.69,win,0.5896459764390204,0.28094287416108304,0.12941114939989656
207,1347,2020-01-01,2019,21,West Ham United,AFC Bournemouth,1.54,1.36,draw,0.4042452199334463,0.4336896707088073,0.16206510935774646
208,1348,2020-01-01,2019,21,Arsenal,Manchester United,1.58,1.5,loss,0.18250916189918337,0.27840946257834503,0.5390813755224716
209,1349,2020-01-02,2019,21,Liverpool,Sheffield United,2.55,0.48,win,0.6270614516447758,0.2719580425075224,0.10098050584770182
210,1350,2020-01-10,2019,22,Sheffield United,West Ham United,1.57,1.04,win,0.5284970026528387,0.3713435094973662,0.10015948784979516
211,1351,2020-01-11,2019,22,Crystal Palace,Arsenal,1.41,1.43,win,0.5366796113418082,0.34744685781412765,0.11587353084406421
212,1352,2020-01-11,2019,22,Chelsea,Burnley,2.24,0.89,win,0.5277654967575711,0.31758112181196296,0.15465338143046592
213,1353,2020-01-11,2019,22,Wolverhampton Wanderers,Newcastle United,1.62,0.76,draw,0.3773366210235862,0.41690023881517146,0.20576314016124234
214,1354,2020-01-11,2019,22,Manchester United,Norwich City,2.16,0.75,win,0.6106640329486602,0.319100586857224,0.07023538019411586
215,1355,2020-01-11,2019,22,Leicester City,Southampton,2.13,0.87,win,0.6608718703753143,0.26359706091815105,0.07553106870653471
216,1356,2020-01-11,2019,22,Everton,Brighton & Hove Albion,1.77,0.98,win,0.700920291032014,0.27302804505871436,0.02605166390927168
217,1357,2020-01-11,2019,22,Tottenham Hotspur,Liverpool,1.52,1.98,loss,0.2832378175017715,0.28030874315482407,0.43645343934340447
218,1358,2020-01-12,2019,22,AFC Bournemouth,Watford,1.54,1.09,loss,0.11896538709685762,0.3817346091787718,0.4993000037243706
219,1359,2020-01-12,2019,22,Aston Villa,Manchester City,1.01,3.03,loss,0.021278394326676574,0.10956110037804012,0.8691605052952832
220,1360,2020-01-18,2019,23,Watford,Tottenham Hotspur,1.24,1.85,loss,0.05138751532915906,0.2061755794812779,0.7424369051895631
221,1361,2020-01-18,2019,23,Brighton & Hove Albion,Aston Villa,1.71,1.22,draw,0.18112090858652574,0.4686491048974531,0.3502299865160212
222,1362,2020-01-18,2019,23,Manchester City,Crystal Palace,2.96,0.46,win,0.7360839583980737,0.21181682369201513,0.052099217909911115
223,1363,2020-01-18,2019,23,West Ham United,Everton,1.33,1.57,loss,0.05327053220939953,0.22933764114708577,0.7173918266435148
224,1364,2020-01-18,2019,23,Arsenal,Sheffield United,1.78,1.05,loss,0.16899537475323137,0.36997775522990745,0.4610268700168611
225,1365,2020-01-18,2019,23,Norwich City,AFC Bournemouth,1.39,1.45,draw,0.18967044028819346,0.5783727697856781,0.23195678992612845
226,1366,2020-01-18,2019,23,Southampton,Wolverhampton Wanderers,1.33,1.36,loss,0.09811602796641872,0.3534486129841954,0.5484353590493859
227,1367,2020-01-18,2019,23,Newcastle United,Chelsea,1.08,1.93,loss,0.03418701189727509,0.17993592621518964,0.7858770618875354
228,1368,2020-01-19,2019,23,Burnley,Leicester City,1.19,1.6,loss,0.13537552381444234,0.2485297453371931,0.6160947308483644
229,1369,2020-01-19,2019,23,Liverpool,Manchester United,2.2,0.91,win,0.7302625856776496,0.19843321476060777,0.07130419956174258
230,1370,2020-01-21,2019,24,Sheffield United,Manchester City,0.91,2.49,loss,0.06484466114785765,0.1663393335055913,0.768816005346551
231,1371,2020-01-21,2019,24,Crystal Palace,Southampton,1.54,1.09,win,0.5533185593729679,0.33480995961153154,0.11187148101550054
232,1372,2020-01-21,2019,24,AFC Bournemouth,Brighton & Hove Albion,1.57,1.2,loss,0.13273877673410595,0.4146769193525514,0.45258430391334253
233,1373,2020-01-21,2019,24,Aston Villa,Watford,1.55,1.23,draw,0.34369011536088506,0.44295128639864256,0.21335859824047249
234,1374,2020-01-21,2019,24,Everton,Newcastle United,1.78,0.8,win,0.7442607398596176,0.23978269687055148,0.01595656326983092
235,1375,2020-01-21,2019,24,Chelsea,Arsenal,2.24,1.24,win,0.6406860162407495,0.28312606549984437,0.0761879182594062
236,1376,2020-01-22,2019,24,Leicester City,West Ham United,2.17,0.83,win,0.5451633282376153,0.33421331870871723,0.1206233530536675
237,1377,2020-01-22,2019,24,Tottenham Hotspur,Norwich City,2.66,0.74,win,0.74023234736931,0.23656459368185728,0.02320305894883274
238,1378,2020-01-22,2019,24,Manchester United,Burnley,1.85,0.88,draw,0.3447477953222908,0.37496316519047496,0.28028903948723427
239,1379,2020-01-23,2019,24,Wolverhampton Wanderers,Liverpool,1.06,1.92,loss,0.06250331914421037,0.13809379530778412,0.7994028855480055
240,1380,2020-02-01,2019,25,Watford,Everton,1.24,1.38,loss,0.045690765444892936,0.2087887294252324,0.7455205051298747
241,1381,2020-02-01,2019,25,Newcastle United,Norwich City,1.54,1.03,draw,0.249291088137881,0.5685589480387768,0.18214996382334203
242,1382,2020-02-01,2019,25,Crystal Palace,Sheffield United,1.31,0.96,draw,0.29637295264026237,0.3879589569756496,0.31566809038408794
243,1383,2020-02-01,2019,25,Tottenham Hotspur,Manchester City,1.49,2.36,loss,0.19893697058884932,0.19956463596496835,0.6014983934461823
244,1384,2020-02-01,2019,25,Leicester City,Chelsea,1.64,1.44,loss,0.18150683772272105,0.19547455030378333,0.6230186119734956
245,1385,2020-02-01,2019,25,AFC Bournemouth,Aston Villa,1.74,1.23,loss,0.05378436113242161,0.17456026992140183,0.7716553689461767
246,1386,2020-02-01,2019,25,Burnley,Arsenal,1.51,1.55,win,0.5115560071270137,0.3090474565434852,0.17939653632950114
247,1387,2020-02-01,2019,25,West Ham United,Brighton & Hove Albion,1.54,1.33,draw,0.21090966863185653,0.45774849221284974,0.3313418391552938
248,1388,2020-02-01,2019,25,Liverpool,Southampton,2.94,0.58,win,0.8295818394119955,0.1532594647942203,0.017158695793784297
249,1389,2020-02-01,2019,25,Manchester United,Wolverhampton Wanderers,1.6,0.95,win,0.4661976576496691,0.3571940389831169,0.17660830336721395
250,1390,2020-02-08,2019,26,Everton,Crystal Palace,1.63,0.89,win,0.5632784435559601,0.34206475009287934,0.09465680635116053
251,1391,2020-02-08,2019,26,Brighton & Hove Albion,Watford,1.52,1.08,draw,0.26978152749700923,0.4452127222648278,0.28500575023816305
252,1392,2020-02-08,2019,26,Manchester City,West Ham United,3.45,0.53,win,0.8236042347731499,0.15866090451556195,0.017734860711288148
253,1393,2020-02-08,2019,26,Chelsea,Manchester United,1.87,1.2,win,0.4857621479470506,0.31181341210838837,0.20242443994456097
254,1394,2020-02-08,2019,26,Southampton,Burnley,1.55,1.28,loss,0.09755671267002082,0.3620820507849089,0.5403612365450703
255,1395,2020-02-08,2019,26,Aston Villa,Tottenham Hotspur,1.37,2.11,loss,0.07783846517397022,0.2251818173158219,0.6969797175102079
256,1396,2020-02-08,2019,26,Norwich City,Liverpool,0.89,2.68,loss,0.01063493976601534,0.09678004279844968,0.892585017435535
257,1397,2020-02-08,2019,26,Sheffield United,AFC Bournemouth,1.45,1.08,win,0.6218010336099463,0.337279393740798,0.04091957264925556
258,1398,2020-02-08,2019,26,Arsenal,Newcastle United,1.95,0.96,win,0.4631206910136297,0.4119622749341946,0.12491703405217572
259,1399,2020-02-08,2019,26,Wolverhampton Wanderers,Leicester City,1.25,1.33,loss,0.08786037434591301,0.24501123845163011,0.6671283872024568
260,1400,2020-02-22,2019,27,Wolverhampton Wanderers,Norwich City,1.85,0.8,win,0.4561701286047384,0.4127445270684114,0.1310853443268503
261,1401,2020-02-22,2019,27,Southampton,Aston Villa,1.74,1.33,loss,0.11739457199786693,0.3804783752302435,0.5021270527718895
262,1402,2020-02-22,2019,27,Chelsea,Tottenham Hotspur,1.99,1.5,win,0.36207837262288334,0.3464849932523968,0.29143663412471976
263,1403,2020-02-22,2019,27,Crystal Palace,Newcastle United,1.45,0.87,win,0.6211213379273448,0.3203861268495891,0.058492535223066106
264,1404,2020-02-22,2019,27,Burnley,AFC Bournemouth,1.54,1.18,win,0.5598523165805682,0.3723805481033177,0.06776713531611411
265,1405,2020-02-22,2019,27,Manchester United,Watford,1.86,0.8,win,0.5182438346864536,0.36189475469654875,0.1198614106169976
266,1406,2020-02-22,2019,27,Arsenal,Everton,1.69,1.38,loss,0.0572073507711295,0.23936291144311084,0.7034297377857597
267,1407,2020-02-22,2019,27,Leicester City,Manchester City,1.31,2.11,loss,0.09422290266793001,0.1586089875144184,0.7471681098176516
268,1408,2020-02-22,2019,27,Sheffield United,Brighton & Hove Albion,1.44,1.05,win,0.44545771213767194,0.382490055937444,0.17205223192488406
269,1409,2020-02-22,2019,27,Liverpool,West Ham United,2.99,0.55,win,0.7838571345781746,0.19163267107036658,0.02451019435145869
270,1410,2020-02-29,2019,28,Tottenham Hotspur,Wolverhampton Wanderers,1.91,1.04,win,0.7200734222984505,0.22568992574441213,0.05423665195713743
271,1411,2020-02-29,2019,28,Aston Villa,Sheffield United,1.44,1.23,draw,0.18785105809455527,0.43063879781125786,0.3815101440941869
272,1412,2020-02-29,2019,28,Watford,Liverpool,0.93,2.26,loss,0.03847295134454952,0.13285557857647629,0.8286714700789741
273,1413,2020-02-29,2019,28,Newcastle United,Burnley,1.31,1.18,loss,0.0823158305019003,0.39009965824520276,0.527584511252897
274,1414,2020-02-29,2019,28,Everton,Manchester United,1.44,1.29,win,0.3830920548651649,0.32335193030608606,0.29355601482874905
275,1415,2020-02-29,2019,28,Norwich City,Leicester City,1.06,1.92,loss,0.02598163073369791,0.2000468618645528,0.7739715074017491
276,1416,2020-02-29,2019,28,West Ham United,Southampton,1.64,1.36,draw,0.2876947143146324,0.4792510175160453,0.23305426816932226
277,1417,2020-02-29,2019,28,Manchester City,Arsenal,3.14,0.81,win,0.8455971982815957,0.13576226548316062,0.01864053623524361
278,1418,2020-02-29,2019,28,AFC Bournemouth,Chelsea,1.28,1.93,loss,0.010908662350183354,0.0779818832773387,0.9111094543724779
279,1419,2020-02-29,2019,28,Brighton & Hove Albion,Crystal Palace,1.42,1.08,loss,0.10259338413219622,0.3316263501493565,0.5657802657184473
280,1420,2020-03-07,2019,29,Wolverhampton Wanderers,Brighton & Hove Albion,1.61,0.94,draw,0.3773872064524185,0.39774559483850924,0.22486719870907212
281,1421,2020-03-07,2019,29,Crystal Palace,Watford,1.41,0.96,win,0.4592559913465377,0.39352669989957767,0.14721730875388458
282,1422,2020-03-07,2019,29,Liverpool,AFC Bournemouth,2.78,0.58,win,0.8240769897674456,0.16280883368405516,0.013114176548499295
283,1423,2020-03-07,2019,29,Chelsea,Everton,1.99,1.1,win,0.5354728642896232,0.3353399150465586,0.12918722066381833
284,1424,2020-03-07,2019,29,Arsenal,West Ham United,2.11,1.15,draw,0.2889215147017564,0.43465700181539696,0.2764214834828466
285,1425,2020-03-07,2019,29,Southampton,Newcastle United,1.59,1.08,draw,0.2623810160038341,0.5233009000012165,0.21431808399494934
286,1426,2020-03-07,2019,29,Sheffield United,Norwich City,1.65,0.9,win,0.6053923121565427,0.33258201815634825,0.06202566968710919
287,1427,2020-03-07,2019,29,Burnley,Tottenham Hotspur,1.33,1.85,loss,0.10549115578941631,0.2804840849043903,0.6140247593061933
288,1428,2020-03-07,2019,29,Leicester City,Aston Villa,2.19,0.87,win,0.5712591361077654,0.31642351778672567,0.11231734610550902
289,1429,2020-03-07,2019,29,Manchester United,Manchester City,1.24,2.2,loss,0.03555268700993159,0.0737010800844181,0.8907462329056502
290,1430,2020-03-14,2019,30,Manchester City,Burnley,3.14,0.52,win,0.7826070489542072,0.18575908491003723,0.031633866135755515
291,1431,2020-03-14,2019,30,Watford,Leicester City,1.11,1.6,loss,0.07303096926443618,0.28135699075302867,0.6456120399825352
292,1432,2020-03-14,2019,30,West Ham United,Wolverhampton Wanderers,1.29,1.4,draw,0.21201220705488927,0.4087744879336635,0.37921330501144723
293,1433,2020-03-14,2019,30,Brighton & Hove Albion,Arsenal,1.52,1.58,draw,0.23676945435344152,0.3885635308045568,0.37466701484200177
294,1434,2020-03-14,2019,30,Everton,Liverpool,1.18,1.98,loss,0.18889933759565064,0.27916832971908995,0.5319323326852594
295,1435,2020-03-14,2019,30,Newcastle United,Sheffield United,1.22,1.09,loss,0.04540193562084999,0.28176197806862324,0.6728360863105268
296,1436,2020-03-14,2019,30,Aston Villa,Chelsea,1.29,2.15,loss,0.06445263741022728,0.20553557025760644,0.7300117923321664
297,1437,2020-03-14,2019,30,Norwich City,Southampton,1.48,1.46,draw,0.13065728952859057,0.4860797480709471,0.38326296240046237
298,1438,2020-03-14,2019,30,AFC Bournemouth,Crystal Palace,1.44,1.09,loss,0.048926438327868076,0.28187610054082074,0.6691974611313113
299,1439,2020-03-14,2019,30,Tottenham Hotspur,Manchester United,1.84,1.29,win,0.6913896313858279,0.23989672118237224,0.06871364743180004
300,1440,2020-03-21,2019,31,Tottenham Hotspur,West Ham United,2.46,0.95,win,0.7884126522998322,0.1880962997032772,0.02349104799689076
301,1441,2020-03-21,2019,31,Norwich City,Everton,1.19,1.67,loss,0.03023947770907076,0.2632129855083148,0.7065475367826146
302,1442,2020-03-21,2019,31,Newcastle United,Aston Villa,1.48,1.23,draw,0.13127250290060669,0.4597723895087789,0.40895510759061443
303,1443,2020-03-21,2019,31,Chelsea,Manchester City,1.51,2.22,loss,0.17641538554333863,0.21647519884132072,0.6071094156153407
304,1444,2020-03-21,2019,31,Wolverhampton Wanderers,AFC Bournemouth,1.62,0.97,win,0.5091353641846207,0.3347092826947679,0.15615535312061146
305,1445,2020-03-21,2019,31,Manchester United,Sheffield United,1.73,0.8,win,0.405627042884011,0.37253162515350785,0.22184133196248101
306,1446,2020-03-21,2019,31,Burnley,Watford,1.5,1.05,draw,0.391104898944201,0.4340169035017069,0.174878197554092
307,1447,2020-03-21,2019,31,Leicester City,Brighton & Hove Albion,2.0,0.84,win,0.6604968234630288,0.2779011533805581,0.061602023156412986
308,1448,2020-03-21,2019,31,Liverpool,Crystal Palace,2.57,0.48,win,0.6753035726298754,0.23822403494532138,0.08647239242480319
309,1449,2020-03-21,2019,31,Southampton,Arsenal,1.55,1.71,draw,0.16411421013680488,0.42558567336962705,0.41030011649356807
310,1450,2020-04-04,2019,32,Everton,Leicester City,1.39,1.38,loss,0.30964264450109724,0.3100057134075597,0.380351642091343
311,1451,2020-04-04,2019,32,Manchester City,Liverpool,2.13,1.43,win,0.5580943411440852,0.24044215400035168,0.20146350485556316
312,1452,2020-04-04,2019,32,Brighton & Hove Albion,Manchester United,1.25,1.54,loss,0.1567988345365745,0.3862485005776777,0.45695266488574776
313,1453,2020-04-04,2019,32,Watford,Southampton,1.53,1.19,draw,0.1983667325112676,0.4555138512023198,0.3461194162864125
314,1454,2020-04-04,2019,32,Arsenal,Norwich City,2.22,1.0,draw,0.40722748987831264,0.4359503877689363,0.15682212235275106
315,1455,2020-04-04,2019,32,Crystal Palace,Burnley,1.41,1.05,draw,0.41561202332044805,0.43025511831570395,0.15413285836384805
316,1456,2020-04-04,2019,32,West Ham United,Chelsea,1.25,2.12,loss,0.033557074297030774,0.1785665390132537,0.7878763866897155
317,1457,2020-04-04,2019,32,Aston Villa,Wolverhampton Wanderers,1.33,1.42,draw,0.2896026757179294,0.4496007235299679,0.2607966007521026
318,1458,2020-04-04,2019,32,AFC Bournemouth,Newcastle United,1.58,0.99,draw,0.1889581948918496,0.4909416439346551,0.3201001611734953
319,1459,2020-04-04,2019,32,Sheffield United,Tottenham Hotspur,1.24,1.71,loss,0.12214453112120549,0.3183260992198933,0.5595293696589012
320,1460,2020-04-11,2019,33,Wolverhampton Wanderers,Arsenal,1.58,1.29,loss,0.32577653765486675,0.2896982129496457,0.3845252493954876
321,1461,2020-04-11,2019,33,Liverpool,Aston Villa,3.02,0.58,win,0.7635889962466933,0.19359270281878269,0.04281830093452406
322,1462,2020-04-11,2019,33,Newcastle United,West Ham United,1.47,1.19,draw,0.20838812774041413,0.478538626562132,0.3130732456974538
323,1463,2020-04-11,2019,33,Manchester United,AFC Bournemouth,1.9,0.92,win,0.7266964736971061,0.2471749557844993,0.026128570518394633
324,1464,2020-04-11,2019,33,Chelsea,Watford,2.24,0.81,win,0.7103243451740439,0.2562070159931048,0.03346863883285138
325,1465,2020-04-11,2019,33,Norwich City,Brighton & Hove Albion,1.38,1.42,loss,0.0964860880271689,0.44223721725069265,0.46127669472213856
326,1466,2020-04-11,2019,33,Tottenham Hotspur,Everton,1.96,1.19,win,0.4691597376560569,0.3674536293034366,0.16338663304050643
327,1467,2020-04-11,2019,33,Burnley,Sheffield United,1.4,1.05,draw,0.2621718968239852,0.38987234827717926,0.3479557548988357
328,1468,2020-04-11,2019,33,Southampton,Manchester City,1.01,2.93,loss,0.01207581262050059,0.0726113743386134,0.9153128130408861
329,1469,2020-04-11,2019,33,Leicester City,Crystal Palace,1.84,0.76,win,0.5628009323499873,0.3049558273414191,0.13224324030859358
330,1470,2020-04-18,2019,34,Watford,Norwich City,1.65,1.0,draw,0.3043826115987994,0.4984835137642874,0.1971338746369133
331,1471,2020-04-18,2019,34,Aston Villa,Manchester United,1.28,1.73,loss,0.15254694834857627,0.293577915496769,0.5538751361546548
332,1472,2020-04-18,2019,34,Manchester City,Newcastle United,3.21,0.39,win,0.8634013208538256,0.12784341034971153,0.008755268796462847
333,1473,2020-04-18,2019,34,West Ham United,Burnley,1.5,1.32,loss,0.09532756325240344,0.3744360829217359,0.5302363538258607
334,1474,2020-04-18,2019,34,Everton,Southampton,1.89,1.01,win,0.5991365190280145,0.3307678286662869,0.07009565230569871
335,1475,2020-04-18,2019,34,Brighton & Hove Albion,Liverpool,1.01,2.31,loss,0.029456477977314086,0.09359350410721867,0.8769500179154673
336,1476,2020-04-18,2019,34,Sheffield United,Wolverhampton Wanderers,1.2,1.11,win,0.39299060283374887,0.3783218056472422,0.22868759151900897
337,1477,2020-04-18,2019,34,Arsenal,Leicester City,1.52,1.6,loss,0.046111634939431184,0.1971469433288124,0.7567414217317563
338,1478,2020-04-18,2019,34,Crystal Palace,Chelsea,1.17,1.75,loss,0.15490865649978047,0.2200002763057697,0.6250910671944497
339,1479,2020-04-18,2019,34,AFC Bournemouth,Tottenham Hotspur,1.36,1.9,loss,0.0291904079368124,0.17456906428049485,0.7962405277826927
340,1480,2020-04-25,2019,35,AFC Bournemouth,Leicester City,1.22,1.65,loss,0.017638502104579575,0.1473488100026712,0.8350126878927492
341,1481,2020-04-25,2019,35,Liverpool,Burnley,2.72,0.55,win,0.7468731507262023,0.21393788043569503,0.039188968838102606
342,1482,2020-04-25,2019,35,Tottenham Hotspur,Arsenal,2.21,1.33,win,0.6523340423295844,0.2783894966222903,0.06927646104812535
343,1483,2020-04-25,2019,35,Wolverhampton Wanderers,Everton,1.4,1.14,loss,0.15233646252308777,0.3033689995713501,0.544294537905562
344,1484,2020-04-25,2019,35,Sheffield United,Chelsea,1.17,1.73,loss,0.1654476898304161,0.274704329210943,0.5598479809586409
345,1485,2020-04-25,2019,35,Aston Villa,Crystal Palace,1.45,1.23,draw,0.20058971161551084,0.44733708567995567,0.35207320270453357
346,1486,2020-04-25,2019,35,Norwich City,West Ham United,1.51,1.41,draw,0.09912350378149958,0.4841947859983222,0.41668171022017825
347,1487,2020-04-25,2019,35,Watford,Newcastle United,1.44,0.96,draw,0.1849049954951711,0.5127643256499909,0.30233067885483805
348,1488,2020-04-25,2019,35,Brighton & Hove Albion,Manchester City,0.99,2.74,loss,0.02419388059350642,0.08583939434350737,0.8899667250629864
349,1489,2020-04-25,2019,35,Manchester United,Southampton,2.02,0.92,win,0.6246000090974627,0.2995442941215201,0.0758556967810172
350,1490,2020-05-02,2019,36,Everton,Aston Villa,1.95,1.01,win,0.4890948453035908,0.37210316002212507,0.1388019946742842
351,1491,2020-05-02,2019,36,Leicester City,Sheffield United,1.83,0.75,win,0.6139135314261376,0.29739545245962357,0.0886910161142389
352,1492,2020-05-02,2019,36,Newcastle United,Tottenham Hotspur,1.15,1.9,loss,0.05192025768082461,0.2318599354950687,0.7162198068241067
353,1493,2020-05-02,2019,36,Crystal Palace,Manchester United,1.16,1.38,loss,0.27586917999579996,0.2945639949919952,0.4295668250122049
354,1494,2020-05-02,2019,36,Southampton,Brighton & Hove Albion,1.58,1.3,draw,0.1763269945268822,0.46033469779053254,0.36333830768258535
355,1495,2020-05-02,2019,36,West Ham United,Watford,1.5,1.21,draw,0.35328983897855415,0.4514491322539198,0.19526102876752613
356,1496,2020-05-02,2019,36,Chelsea,Norwich City,2.7,0.66,win,0.7771531757824596,0.20569305421419679,0.017153770003343605
357,1497,2020-05-02,2019,36,Manchester City,AFC Bournemouth,3.21,0.55,win,0.8844101723019839,0.10982418885368524,0.005765638844330735
358,1498,2020-05-02,2019,36,Burnley,Wolverhampton Wanderers,1.29,1.22,draw,0.28616000882157006,0.36556489955023036,0.3482750916281996
359,1499,2020-05-02,2019,36,Arsenal,Liverpool,1.3,2.27,loss,0.03737457095075223,0.14125036439675095,0.8213750646524969
360,1500,2020-05-09,2019,37,Sheffield United,Everton,1.24,1.26,draw,0.25840243843225835,0.41628024552505916,0.3253173160426825
361,1501,2020-05-09,2019,37,Norwich City,Burnley,1.35,1.41,loss,0.05850075320105236,0.3471947265607767,0.594304520238171
362,1502,2020-05-09,2019,37,Tottenham Hotspur,Leicester City,1.78,1.38,loss,0.22737547761434884,0.30820160419710435,0.46442291818854675
363,1503,2020-05-09,2019,37,Wolverhampton Wanderers,Crystal Palace,1.48,0.85,loss,0.20549156687932435,0.3100993106747394,0.4844091224459362
364,1504,2020-05-09,2019,37,Liverpool,Chelsea,2.21,1.19,win,0.4962570740909099,0.25889603871870126,0.24484688719038883
365,1505,2020-05-09,2019,37,Aston Villa,Arsenal,1.55,1.78,draw,0.3655141198881349,0.366747984630742,0.2677378954811232
366,1506,2020-05-09,2019,37,Brighton & Hove Albion,Newcastle United,1.55,0.98,draw,0.3620536913355763,0.4869181917952094,0.1510281168692143
367,1507,2020-05-09,2019,37,AFC Bournemouth,Southampton,1.68,1.23,loss,0.11162550589460027,0.35995203575640294,0.5284224583489967
368,1508,2020-05-09,2019,37,Watford,Manchester City,0.91,2.68,loss,0.0056695634293983,0.04101350426043122,0.9533169323101705
369,1509,2020-05-09,2019,37,Manchester United,West Ham United,2.06,0.88,win,0.6260643228217924,0.31843985902792826,0.05549581815027939
370,1510,2020-05-17,2019,38,Southampton,Sheffield United,1.44,1.18,loss,0.1594554833757229,0.37886056222355724,0.4616839544007199
371,1511,2020-05-17,2019,38,Chelsea,Wolverhampton Wanderers,1.94,0.96,win,0.6825116970911582,0.2638255503131023,0.053662752595739494
372,1512,2020-05-17,2019,38,West Ham United,Aston Villa,1.69,1.37,loss,0.11939603972444293,0.4109688830705465,0.4696350772050104
373,1513,2020-05-17,2019,38,Arsenal,Watford,1.9,1.05,win,0.44514602399836894,0.39204068804506753,0.16281328795656358
374,1514,2020-05-17,2019,38,Manchester City,Norwich City,3.61,0.42,win,0.8763736345148233,0.11589435840625323,0.007732007078923399
375,1515,2020-05-17,2019,38,Newcastle United,Liverpool,0.86,2.32,loss,0.018044874748135844,0.12749838108321268,0.8544567441686515
376,1516,2020-05-17,2019,38,Burnley,Brighton & Hove Albion,1.53,1.16,draw,0.34770336520218526,0.424455806552395,0.2278408282454197
377,1517,2020-05-17,2019,38,Leicester City,Manchester United,1.63,1.13,win,0.5536503449987256,0.25419536392272696,0.19215429107854742
378,1518,2020-05-17,2019,38,Crystal Palace,Tottenham Hotspur,1.24,1.72,loss,0.26624374447725047,0.3080845516733405,0.42567170384940906
379,1519,2020-05-17,2019,38,Everton,AFC Bournemouth,1.78,1.01,win,0.6741514785774473,0.28983791521248736,0.036010606210065355
