,x,y,label
0,0.5379335812300111,-0.0385322383394439,win
1,0.33694557112720097,-0.4926235667432342,loss
2,0.17826403068759472,-0.10571949588783996,draw
3,0.09700974032779228,-0.39358563955727527,draw
4,0.8084357665127996,-0.14982762331646557,loss
5,-0.12373923871500664,-0.35905653455443615,draw
6,-1.5323118319701712,0.47374509831043216,win
7,1.1199276522333173,0.1317143909081317,loss
8,0.4557574459352822,0.7912263593613513,loss
9,-1.487408671511254,0.0833347620061897,win
10,-0.9727497180952468,0.5809091225711034,win
11,1.1786220279111388,0.7119932979818732,loss
12,-1.2551070155395723,-0.2253101469072277,win
13,0.7213894995992445,0.1862187673676287,loss
14,1.3888214484179568,0.396874625892363,loss
15,0.21905791393338966,-0.00022270866385814444,loss
16,1.1855354231312218,0.029476789929537825,win
17,0.559433330509415,-0.2955028607019355,draw
18,0.5525449773613501,-0.5836693330442296,loss
19,-0.418063121591385,-0.6939632969353362,win
20,0.55125762285243,0.8299002591593815,draw
21,-1.0918589228325175,-0.2733336511814542,win
22,2.092154983140325,0.2605580878048707,loss
23,0.3690062059533166,-0.7382585378132022,draw
24,0.6254178245761598,-0.6800788819019268,draw
25,-1.9746577031179406,0.5097501130979133,win
26,-1.4230603179037342,-0.26245276852275984,win
27,2.313970276333364,0.7945192799810831,loss
28,0.1364953573453788,-0.4830784740868001,draw
29,-1.7151466397217383,0.866195808470117,win
30,0.7512229901992002,2.257949724357448,loss
31,-1.1856913881700053,0.3472100689386005,win
32,0.280775010049408,-0.5087745746221514,loss
33,0.1826679639548776,-0.5642486669152642,draw
34,1.871531693185115,0.11457121612864571,loss
35,0.370921454121256,-0.7159359077495483,win
36,0.04631256689646992,-0.6304976445180617,loss
37,-0.8134241938585152,0.677748931575773,win
38,1.2923330760829783,0.6249110990090492,draw
39,1.648908748189021,0.016575473581376985,loss
40,0.3647753420799256,1.322577040377604,loss
41,-0.425094738173898,-0.5651155207227636,win
42,3.114716094987736,1.054527108503329,loss
43,0.45402161721600565,-0.2226677492059359,win
44,-2.445867916380535,0.6710217468403109,win
45,-1.1528287551389849,-0.21600024872071275,win
46,1.7267895609550605,0.6420078827059552,win
47,-0.8219561216440099,-0.5854985201438221,win
48,-0.3275108396758002,-0.707118255118278,win
49,-1.547994028732593,0.15176024834299212,win
50,-1.4225132911048772,0.4643700936248398,win
51,0.879021747211278,-0.09524166942297489,loss
52,0.10247725420120674,-0.6852777482129907,loss
53,-0.08112067395686122,-0.855202962779676,draw
54,1.1421447291363598,-0.13737758215973178,win
55,1.929884888243137,0.8247928955061601,loss
56,-2.6889374968979936,0.6974352010694493,win
57,-0.11210048743843079,1.3435318880346026,win
58,0.6908018275812013,-0.3745524908334976,loss
59,0.04468958991820541,-0.8162502886196228,win
60,-0.2507645917979297,-0.05503646120022534,draw
61,0.8945253629990244,0.620084486204843,loss
62,-0.6002737195967387,-1.0014970043179052,draw
63,0.27120880015630905,-0.7986042744510218,draw
64,-0.2755795287120076,-0.6006354863872905,draw
65,2.4202789222911765,0.07752455332839313,loss
66,-1.9934148309669344,0.4056899373494351,draw
67,0.399907231154185,-0.39020373886032855,draw
68,0.193031067421978,1.7429455195573396,win
69,1.5849034173719934,0.35530585194493525,loss
70,-1.6438528091017013,0.47152509448686464,win
71,-0.6222144150857228,-1.0394214280807317,win
72,-0.9077486441093933,0.8717152275919492,win
73,-1.2816522938093777,1.4187379624350456,draw
74,0.8271875798424015,0.34370453816739266,draw
75,-0.7517185017424477,-0.6520123211556371,win
76,-0.280761865847358,-0.4178303371204843,loss
77,-0.04316707745489128,-1.0824926096533192,loss
78,-1.6430478126688222,0.19859011843757715,win
79,0.25511309802738164,1.1506162803456352,draw
80,1.8303720602910845,0.19220650575303128,draw
81,0.6194510501866355,-1.093732598513261,loss
82,-0.20284399001210993,-0.8076528806794407,draw
83,0.2696130718107867,-0.3655212642533763,win
84,0.8382221377196549,-0.26854329122297727,win
85,-0.4762175058888548,-1.054102742187703,win
86,-0.801847841130514,0.45619693292498376,draw
87,-1.386617655862556,0.5394031873462743,win
88,-0.719417554343631,1.0243977399919733,draw
89,-0.6670579050325913,1.636975558032055,win
90,2.1156125271919004,0.3335604158693345,loss
91,-0.6326845280993192,0.43188201507365526,draw
92,-0.17855268423656032,-0.5520078654243209,win
93,2.0702478558905244,0.6194009016665962,loss
94,-0.4736680952887582,-0.952144606643419,win
95,-2.0188930059363455,0.27249452100063076,draw
96,1.6638878017586962,0.37674242000013836,loss
97,-0.8684927408960272,-0.27901401682660193,win
98,1.1778718067239629,0.7337508105791795,loss
99,-0.709477592656135,-0.6267224629645154,win
100,0.05345061917991317,-0.3085596130515703,win
101,-1.812652185151719,0.5688781691470498,draw
102,0.39924116244696306,-0.9224770061584013,draw
103,-1.169968810793504,-0.7610210826162089,loss
104,-1.4873213996784087,0.8340413662550449,win
105,-0.18648547301907212,1.2620474893653857,draw
106,-1.6336421415820241,1.0902673966487468,win
107,1.7824993344950664,-0.6079804898207479,win
108,1.1219521972522533,-0.14374843128081305,loss
109,0.6076677149520018,-0.7328499065003026,loss
110,-0.15669886043926176,1.2169598542147142,draw
111,0.18316540857458366,-0.6014416119283427,win
112,-0.6638441916524583,-0.5163342724959077,draw
113,1.7717015136384398,0.5212049473587841,loss
114,0.4052220777476091,-1.2868604920278255,win
115,1.4929051694339648,0.5426183334067664,draw
116,-0.338442339803693,-0.4806333752404285,loss
117,-0.8569847807946446,0.3547606327355068,win
118,1.9989634485517365,0.530492201886914,loss
119,-0.8693284019463876,-0.6456311921845989,win
120,2.6288771841517176,0.8160933986341335,loss
121,-0.654992069316072,-0.8213877499044934,draw
122,-0.32121837848852786,-0.3927758690109282,win
123,-2.1481528618671266,0.21726553433865295,win
124,0.9043307286802479,-1.0048655121466077,draw
125,-0.9370676371716666,1.3888683146711074,win
126,0.513836943898032,-0.6069288968106947,loss
127,-1.3497086606858488,0.8601795006573896,win
128,-1.4029824656546568,0.12971738173422473,draw
129,-0.5946167520171395,-0.04930303175132628,win
130,-0.4138085270391361,2.5683195003596895,loss
131,0.29429171876637344,-0.6211766836186371,win
132,0.24326869219247527,-0.8856656307333111,win
133,0.08280495171588431,-0.4322381232405048,win
134,-0.019036076123306832,-0.457886809243806,win
135,-2.4860538614887924,0.1814274450175479,win
136,2.4377392324832523,0.5697652583448938,loss
137,1.509518288775853,0.9128357320467856,win
138,0.09782092641239219,0.33167813887658476,draw
139,-1.233909610522564,-1.0813852477694483,win
140,0.8409193591215143,-0.1317520007005512,win
141,0.3563713365720321,-0.8929453443366072,draw
142,-0.6996589874782105,-0.9115930754961221,win
143,-1.2257055866130078,0.6117928726182524,win
144,-0.6242946689510083,-0.5699400612967009,win
145,1.1808241246515199,0.6214323252890466,win
146,-1.436049577219615,0.5936328978359701,win
147,-0.13755209663389978,1.0394715352182757,win
148,-0.7354230055029142,-0.8008389275306081,win
149,-1.487801542341696,0.3349751074071636,draw
150,0.9782588780236875,0.3128690999284255,win
151,0.6751804458148285,-0.8392982963220325,win
152,-0.47958430909301164,-1.0877149910077002,win
153,1.5098813699248543,-0.1894885561020766,loss
154,2.1877337925903673,-0.34065279592374875,loss
155,-0.19517430992359866,-0.7803674190547066,win
156,-1.5121171374223776,0.2167771514410146,win
157,1.3040219221940519,-0.5181718332889719,loss
158,0.5422764588021097,-0.8522348188542891,draw
159,-1.577511459034129,-0.7405016496990874,win
160,1.6145129200808166,0.4878562077808809,loss
161,0.25325459049663396,-0.6776217840885131,win
162,-1.1109375315284882,-0.9238556811229168,win
163,0.10306211445592074,-1.0556809546531192,win
164,-0.264726801927147,-0.3761090764626603,draw
165,1.1510858960359904,0.19848453196705299,loss
166,0.9204166466922072,-0.3980302265602957,loss
167,-0.2697304285550738,1.49870112708006,win
168,-1.236674336966341,0.2085956508435353,win
169,1.670136575009652,0.7117546928833518,loss
170,0.309802553818619,-0.6309388780028059,draw
171,-1.4503249511839609,0.5469125977850274,win
172,0.49678512657963186,-0.9941178961414059,win
173,0.46829481470136064,-0.6828766265097711,loss
174,-1.60791684310969,0.05596737971003653,win
175,0.743738563860832,-0.4860560363594488,loss
176,-0.8694709191174975,0.7283936310418544,win
177,2.224777759889798,-0.0010202191540689034,loss
178,-1.4330873763310905,0.25837931797521535,win
179,1.028982750632125,0.473562761387199,loss
180,1.0220421815216758,-1.030435297233402,draw
181,-0.77710792010726,-0.6362430316283978,win
182,-1.7713354362098843,0.7996249949684443,win
183,-0.19948202676898602,-0.7165076327830929,loss
184,-1.7416830513790285,0.30519810743787545,win
185,0.4463950288224511,-0.5209144115326381,win
186,0.7316909865532596,-0.8237215614424103,loss
187,-0.43161134832005743,1.2297401916592368,win
188,2.127383079589158,0.6351804923176835,loss
189,-1.590434222081648,0.3911510642075562,win
190,0.4315063444094486,-1.445232193460864,draw
191,-0.9392858599643222,-0.3397727921462915,win
192,-0.9180824032172422,-0.3280355913174475,win
193,2.072478484167905,-0.13734883502173834,draw
194,-0.5039872526482226,-1.4544482541481019,win
195,1.3863017432666849,-0.17816312333480025,loss
196,1.6861084477462867,0.17805720801707556,draw
197,0.5908763222548438,-1.6582662093260307,loss
198,-0.38473237239809177,-0.9260792881692741,win
199,0.10114548377318182,0.7139989234345604,win
200,-1.912714038663595,0.6862163906685185,win
201,2.0605094786868894,0.31899503110333444,loss
202,0.5432633835728129,-1.1021779750889293,win
203,-0.3438315542067899,-1.1084024181825163,draw
204,0.36715953913393845,-0.8035946749689965,win
205,0.06383684715826501,-0.892568499525543,loss
206,-0.10065857866234386,-0.6008712465551339,win
207,1.596076748202507,0.4088773974219021,loss
208,0.6974159690998206,0.4197452796314453,win
209,0.12350864967398802,1.6152555297217308,draw
210,-0.9560785654899745,0.515223221125926,loss
211,0.7413058597316451,-0.481031504619121,loss
212,1.0398582197484656,-0.6031852905138563,loss
213,1.7048240383297748,0.43088758407577366,draw
214,-0.8475604103816744,-0.9974669956981422,win
215,0.017904632466523303,-0.867690177614501,draw
216,-0.3427035889917899,2.0962149692456142,draw
217,-0.8548454217038868,-0.580022793077901,win
218,-1.4933928718253058,0.6984674384799451,win
219,-2.062265474445136,0.3442516995323194,win
220,1.424826560485784,-0.12402716809242888,draw
221,0.10387913886202318,-0.6979039086804947,win
222,0.7445640227548596,-0.7432203216042295,win
223,-0.022150170251825165,-1.0406768343613344,loss
224,0.15414073027239064,-0.6414687998102665,draw
225,-1.0139808446190683,0.4078686111870135,loss
226,0.10118809765984516,1.942045808677535,draw
227,1.8823880309273155,0.6026395641833379,loss
228,0.15940148522860825,-0.25482913603808627,draw
229,-1.790613002818788,-0.010937493634442049,draw
230,-0.5602753649534193,2.0015990758095414,win
231,-0.5823494123889656,-0.018648009592827194,win
232,0.07441720111811474,-0.6997386357994576,win
233,-0.4352029768492661,-0.930414525122997,loss
234,0.4219673767556558,-0.47251204524346097,win
235,-0.41442626409062233,-0.7322128312812918,loss
236,1.2744538072603528,0.2644835605251734,win
237,-1.6990403614256173,0.5037560295091075,win
238,-2.3443080730970403,0.5142753208414674,win
239,1.6826271654929825,0.2600549091416648,loss
240,-2.3085727350488305,0.6675001430298035,win
241,-2.079392599847168,0.509223749218622,win
242,-0.31522565857105106,-0.669278161963005,draw
243,0.8221339701008928,-0.9785742431719775,loss
244,0.696060503224435,-0.5848903847353822,draw
245,-0.05687508665344193,-0.9312551210360411,win
246,-0.9383626699520492,1.8419800837360571,win
247,2.1290513068244796,0.4108172292266251,draw
248,-0.08454378217086554,-0.7515115137762527,win
249,2.342787232682647,0.5709328259466703,loss
250,-0.10092952786677858,-0.7173712668240904,win
251,0.12799573221008537,-0.8204551793947196,win
252,0.3948897737792607,-0.9956493592021067,draw
253,-1.0872494790908542,-0.7483419855379875,win
254,-1.6085562307603063,0.5412788484052555,win
255,1.0199406653340777,-0.6660258774804828,draw
256,-1.0217380923839448,0.5925760049523489,win
257,0.8438396497036359,0.4566217902048089,win
258,-1.7230751996513232,0.476441306131994,draw
259,-0.14287396100251282,-0.8470530482067989,win
260,-0.8231146218873147,-0.730748131695934,win
261,-0.22978530565236874,-0.6736464511911909,win
262,0.23337910809671006,-0.764398119193511,loss
263,0.35117113629589436,-0.604284805020661,loss
264,-0.532228141256556,2.0925790246819043,win
265,-0.7373013943701616,0.8897891026655076,win
266,1.9373938917823441,0.0888487230712797,loss
267,2.0823225563654986,0.5477329100464005,loss
268,-1.0156176545805253,-0.045223934866411464,draw
269,0.5101542410017877,-0.15718381034298565,win
270,0.10589016776657509,-0.8827008494619463,win
271,-0.9790898086434368,-0.3895845097527461,win
272,-1.209627739104903,0.3099401468510329,win
273,0.9234510498395287,0.47346879313325163,win
274,1.4913664614268543,0.6043031599353914,loss
275,-0.21498801265593,-0.49178468054704627,loss
276,-1.6285593646354102,-0.4909289162863561,win
277,0.09992896905958111,-1.3048813391245648,draw
278,0.06712724141871641,-1.0832381502817328,win
279,-0.0963590720692711,-1.0074979699117061,win
280,1.6951159436112848,0.4585668019769355,loss
281,-0.9329715444455787,0.5714645753218036,win
282,-0.06812888266609254,2.3707430878331848,draw
283,-0.5412119887923489,0.8887653364898574,win
284,-1.3297758475467993,0.758305697911275,loss
285,1.405252422291722,0.2082803038577175,loss
286,0.05455673302640783,-0.6290889279157871,win
287,-1.0192718311268425,0.14502348271873103,draw
288,-0.6234080058169382,-1.3645137905824738,win
289,0.33335790278444083,-1.074937765112403,win
290,0.03352995566754058,-0.5225950521353042,draw
291,-0.08220494495228918,-0.8235452902621124,draw
292,0.1830307003441538,1.4268135250338854,draw
293,0.6300548626363388,-1.0735712266840471,win
294,0.9125493928960556,-0.7631971609695691,win
295,-0.5249429173191632,-1.6915493483072905,win
296,-1.1164489751176472,0.41095734351601493,draw
297,-0.6414402546123539,-0.34038946880867377,win
298,-1.0013713363786843,-0.2789678285999728,win
299,2.0326051837052415,-0.2092112105020245,loss
300,-0.2693331760378202,-1.6687059637777404,win
301,-1.244982613843221,-0.1099906432175341,draw
302,0.08741680360933612,1.0779154254518801,win
303,-1.0999401544278034,0.04278090473175738,win
304,-2.1823866563419543,0.5623654625708879,win
305,-0.4813983229165426,-0.8947105806427008,win
306,0.37931127849504803,-1.4407258983936488,draw
307,-0.4769235709555331,-0.4684664503367397,loss
308,0.8527081639793649,0.45376054328294035,loss
309,2.645494507758065,0.4762866608073186,loss
310,1.7774035410941753,-0.4445185654651415,loss
311,-1.0699415144506224,-0.303657537280765,win
312,1.1015354730959297,0.34584065917581025,win
313,-2.0504559554558845,0.1042047459341591,win
314,-0.35073198532591404,-1.0039774175331924,draw
315,-0.8798517591004938,-0.2878164268181751,win
316,0.2091177167653666,-0.743740889522855,win
317,-0.3572255020319108,-0.7148169888033136,win
318,0.5221679852506796,-1.4823039847200996,draw
319,1.5687203318747156,0.70591700627515,loss
320,1.4652947986983145,0.34665446257309235,loss
321,-0.19412351077924345,1.0397881092120336,win
322,0.9972336384088307,-0.321054043365166,loss
323,0.8769946846332548,-0.707565063485998,draw
324,0.5130889695173508,-0.737075501567215,win
325,-0.8589990409456896,-1.3149806751157986,win
326,0.024127455914521038,-0.8390448965009927,win
327,1.6864471411909445,0.18300542154586602,loss
328,-0.7837033011140158,0.4592587369795346,loss
329,-0.833650985839951,0.8220968732876168,win
330,-0.8770226280988842,-0.5535147337256471,win
331,-0.280679649625334,-2.1191568949544135,win
332,1.655850828466862,0.23969976652018735,loss
333,-0.24093239474724062,1.8442410650545704,draw
334,0.20435669993739283,-1.0759952195066962,loss
335,-1.0478782491407637,-0.851519888537946,draw
336,0.0406855018221729,-0.9557012867340434,draw
337,0.05585033884334859,-1.5036357361370591,loss
338,-0.2845698708866113,-1.152094229797294,loss
339,-1.0722060308151318,0.7464436469915782,draw
340,1.2463199901568527,0.9395984346007162,loss
341,1.9197291722115708,0.1688091996049687,draw
342,-1.2007489506446478,1.5355147475304118,win
343,1.8318038361224285,0.0824250108163925,loss
344,0.9043121676618537,-0.012664306918462794,win
345,-2.2503542997607884,0.43863807688888146,win
346,0.305637537715898,-0.5142898437853717,draw
347,-0.15284142593547873,-1.221831475875201,win
348,-0.1904022083496401,-0.9307111524147239,draw
349,0.283269991371975,-1.1490005225231747,loss
350,0.07197147132233934,-0.1804206461020953,win
351,-1.1574397236071854,0.4152267204808728,draw
352,0.24820109847292926,0.9937138181882503,win
353,-2.4105884867429292,-0.026840478622345898,win
354,0.4692608371759334,0.004837615605184773,loss
355,-0.8098231425610406,-0.7796631979754146,win
356,1.785987495777409,0.19434352974753955,loss
357,-0.37206498757681994,0.7297000001867278,win
358,0.9062096909440812,-1.1307085166796846,loss
359,-0.12723674145344785,-0.872992955988511,win
360,0.025665467405467077,-1.6655682505475047,loss
361,0.9482911548582036,0.5901576241455165,loss
362,-1.0494574430956893,-0.8936164774196019,win
363,2.158355817535541,0.958019156011592,loss
364,-0.37964665380824303,1.1150430060967986,win
365,-1.6941965065927183,-0.06061788646151278,win
366,-2.5396212334864416,-0.5785294864690136,win
367,-1.382113240830353,0.07932826185330984,win
368,0.7949908263089055,0.010285539447567812,draw
369,1.6850017029516373,0.2768769485001601,loss
370,-2.0347478411152995,0.1794801692026372,win
371,-0.6801861267560332,-0.5254971081961123,loss
372,2.949845092594587,0.36413701849599267,loss
373,-0.8349994286783802,-0.6160626381256978,draw
374,-0.10142033257326913,-0.917868792000921,win
375,-0.9382186482583375,-0.5781083287569732,win
376,-1.9289118659822029,-0.4742273846833955,win
377,3.1552955461523675,-0.012296352811968236,loss
378,-1.0507538342221288,1.127519632317318,win
379,0.508925070179976,-0.8590023779218245,loss
380,-1.4467364276047803,0.4649175883644877,win
381,1.5905684554530444,0.5254463328710927,draw
382,-0.9709821474436585,-0.553474707449607,draw
383,-0.3651013891403722,-0.6838287856006847,win
384,-0.9842036116461107,0.04424287296079606,loss
385,-0.5732656837659644,-0.7727198406137862,win
386,-0.24040112829953328,-0.8975091505772084,loss
387,1.3940092116051357,0.18609473163497497,loss
388,1.6735180773244167,0.09784678934835857,loss
389,-2.023947557720692,0.285551225800132,win
390,2.5490039036073076,0.668205312248939,loss
391,-0.47853343000645865,-0.44076311512459027,win
392,-1.040723133998092,0.04820368870063588,win
393,-0.2008134741937392,-0.533562578211338,loss
394,1.132158443332567,-0.44305485299417185,loss
395,-1.0339105082246187,-0.9172464799546408,win
396,0.7214825012227452,-0.1166325404225748,win
397,1.0678196536100646,-0.67053450706609,win
398,-0.23833076556642474,0.7837717461365665,loss
399,-0.5201284845142748,0.7775422950659413,draw
400,2.1419749900449263,0.23735158373246126,loss
401,-0.20624905826959983,-0.24049602623096014,draw
402,0.027727183788096653,-0.9760089433578554,draw
403,0.5158470030809128,-1.0145483459095261,loss
404,-0.7843071369232428,-0.999704807156153,win
405,-1.7078095261444253,0.7809917363337895,win
406,0.5710074468693102,-0.41941334536752045,draw
407,-1.0529022007494324,0.35122960212862325,win
408,-1.2389136995895413,0.38265156599277567,draw
409,-1.3376491447795378,1.2292365126365314,win
410,-0.9027857969386618,1.481344935837519,win
411,1.139296923982961,0.18411658167383033,loss
412,-1.5929850879572887,-0.29600522871720686,win
413,0.9096143011173345,0.5503975821135891,loss
414,0.4860389446563381,-0.671886131035542,loss
415,-0.0958697668636443,-1.0632743972497172,win
416,1.6944550902088646,1.0271042550128537,draw
417,0.1637274879010799,-0.7490677604249881,win
418,0.042816673078232954,-0.7170715171329762,loss
419,-0.73077196445392,-0.7743354763918447,win
420,-0.26910404412945765,-1.1808532232566233,win
421,0.11076642738860856,-0.516174010680434,loss
422,-0.32500095873553825,-1.0313771673530086,draw
423,-1.3817438607193007,0.2255077200081055,draw
424,0.5971301045369344,-0.6064591656365377,draw
425,-1.0245275064415895,-0.2704174457894446,win
426,2.8324396395940354,1.0666966632382961,loss
427,-1.6111373936217541,0.031859879279659435,draw
428,-0.10568959052528332,1.1047265481045017,draw
429,-1.6289624788043477,0.6699585325826749,win
430,1.5527697517522925,0.18728492902183913,loss
431,1.6147261319199533,0.4811678518516748,loss
432,-1.2928889070377232,-0.980606278219191,win
433,0.07156402548534888,-0.4842044665120836,loss
434,-0.3294996126871211,-0.8708080390801469,draw
435,-2.9336868358089814,0.918126057190656,win
436,1.4431229240064387,0.1740199085166782,loss
437,0.6815679163916997,0.40713276359782763,loss
438,0.34191581203074517,-0.8554386861555888,win
439,-1.3272279809439202,0.22370283970871138,win
440,1.3368846553417175,0.1742555176052357,loss
441,-0.5674943177882367,-1.2301487918585603,win
442,-0.06759470911403695,-1.0727299559903951,draw
443,-2.2154475628622556,0.4153488688115318,win
444,-0.15065822565985673,-0.4116491675478952,win
445,-0.08705413070901766,-0.38990378939894754,draw
446,0.3536557403865236,1.9563298327939465,loss
447,-1.5273292344343317,0.24433582241885904,win
448,-0.46612851432175056,-0.8513961361298386,loss
449,1.4767315892207853,0.23343025470132459,draw
450,-0.2588487932060008,1.3576027877969021,draw
451,-2.5922382516309774,1.0585193658389596,win
452,0.26614235616896564,-0.7457375562718731,draw
453,-0.4556065624689659,-0.7787013550653445,win
454,1.2492690760220362,0.02747966926297229,win
455,-2.1640482160530663,0.28591700582421153,win
456,1.39172684684631,0.5145645780808966,win
457,0.39537244049905934,-0.861269525568276,draw
458,-0.3187928917470726,-0.4077579468706225,draw
459,0.3527986369417496,-0.9720823494359364,draw
460,0.44896968371458384,-0.8534330904043447,loss
461,-0.9140542573853186,0.7607873607638499,win
462,0.8968934554840244,0.41535007649678063,win
463,0.4825337334095446,-0.7142043220797563,loss
464,-0.5370214544534139,-1.0179123804175991,win
465,-2.6028799120042243,1.251514400920453,win
466,-0.31423115069055635,-1.0741888670999375,loss
467,-0.7381009452907036,-0.6164955435457472,win
468,2.590476293521111,0.510063485771132,loss
469,-0.9823664989317131,1.6773335077915896,win
470,-0.0894710314358425,1.5145732049711922,win
471,0.0972481612966782,-0.7268023408367285,loss
472,1.942382886266187,0.7303133294229436,loss
473,-1.092032030266113,0.3345534249372028,win
474,-0.13252379570613845,-0.7819508595856565,draw
475,-1.4389704495036193,0.13494555727363813,win
476,2.6625678661451384,0.22013912470537444,loss
477,0.18592118695234836,-0.5878127342943238,draw
478,-0.38918653713086987,-0.8163103116765926,win
479,-0.705807710808143,-0.708855945967414,win
480,0.2653276665078249,-0.6686158561385509,draw
481,-0.3792786138795872,-0.8466066532067421,loss
482,0.5642854038912578,-0.7466562585462383,loss
483,0.13669766781873519,-1.056028107029528,win
484,-0.3759303588039312,-0.847309817764363,loss
485,1.9612005259277,0.49978932564648115,loss
486,-1.2359167260398434,0.27765033820235335,win
487,-1.0264068947395852,1.6721941459368517,win
488,-0.5471224496048922,-0.38199642915649684,win
489,-0.619733079010075,1.6254660863725334,win
490,-0.4610794183889163,1.3583787669238996,win
491,-0.42705266770582384,-0.8094442201220411,win
492,0.5179515127583499,-0.6673794203810213,draw
493,2.0723743395031122,0.6765588957640973,loss
494,1.6655559307666337,0.23579291436751973,loss
495,0.009698106328190246,-0.653206344901185,win
496,-1.1819151188589172,0.44108595225192454,win
497,-1.6395215042038562,0.7588548980945408,win
498,0.38303125632952284,-0.5372608826825145,win
499,0.7007983164974904,-0.743861177910583,draw
500,0.1452113235609103,-0.982597508807639,draw
501,-1.6491130299273795,0.3624030133052055,draw
502,0.5975765971393372,-0.5974588678337752,loss
503,-1.554348615686758,0.45651691518082294,win
504,0.08075920305390265,-1.1414437922802785,draw
505,-0.24981581357123878,-1.0434498662488194,win
506,-0.01886204418167059,1.5638303038947625,draw
507,-1.1625054892646467,-0.6427403464446362,win
508,1.717681964313598,0.47348931111302234,loss
509,2.0833485415176503,0.8341356111325936,loss
510,1.660640931108178,0.5030077381522674,win
511,0.4000012606831998,-1.1534041877252024,draw
512,0.4263368206410949,-0.9675248164953353,draw
513,1.4020462320564218,0.5561340605401094,loss
514,-1.7761860824790452,-0.04142451678680439,win
515,-2.26377151373587,0.2406639414180818,win
516,0.28601685584001063,-0.8174200059904563,loss
517,1.8875435689368598,0.2261512472004573,loss
518,-0.5673372864668499,0.8235837708031073,win
519,-0.7244604422350391,-0.8831700115420004,win
520,-1.9187582125042362,0.4604360843259792,win
521,-0.954197517156808,-1.1332798349479698,win
522,2.3725073201443476,0.7980960174214164,loss
523,-0.07606972194049368,-0.8436666832069621,draw
524,0.19824734440941658,-0.501253047977042,win
525,1.6021264576597145,0.26017246952684453,draw
526,-0.8132307090547541,-1.0664901409919685,win
527,-0.9013705687741579,2.4748646209376366,loss
528,0.9996144562278826,-0.6616209649672978,draw
529,-2.0467299308158835,0.5235910364203881,win
530,1.8004170051955302,0.08400517027868903,win
531,0.03449973858912489,-0.727002147256049,win
532,-0.4502012158916954,-0.38350122178171303,draw
533,-0.335437630407168,-1.2166666298441962,win
534,-1.4148905995451302,0.24743441380922784,win
535,-0.6263582121571247,-0.870579448331699,win
536,0.028319780345674922,-0.9678013399033799,loss
537,0.773938597477344,0.40676013232928887,draw
538,-1.5507498438213516,0.5902840700325676,draw
539,0.6360204727955465,2.2076313544826984,loss
540,-0.12012719977214534,-0.9089106026222522,win
541,1.4561769610707878,0.08714685218997964,loss
542,0.4310768962476693,-0.7657123865003854,win
543,2.716955257667787,0.37463372921162075,loss
544,0.7516257521052382,-0.9453829680951444,loss
545,0.18678274225843733,-0.40421121920685704,loss
546,-1.3861652360668681,-0.01691192848887168,draw
547,-1.741449042492016,0.04503762651293883,win
548,1.9564365776251231,-0.2725085649893665,draw
549,-1.2786678992229366,0.03175656025874778,win
550,0.2713476516131709,-0.46844628257255444,loss
551,0.6333437547841971,-0.6801070881420117,loss
552,-1.7963534380733557,0.20562904798067355,win
553,-0.017320247047420256,-0.5933913785534652,draw
554,1.113751322214979,-0.5334630544248534,loss
555,-1.0062162541470037,0.3645099627667804,win
556,-1.2636979116189198,1.8154309803267241,win
557,1.567489005856034,0.0788412733352675,loss
558,2.7100534767415616,0.5986458529391249,loss
559,-0.9383840997732975,-0.7999016345797498,win
560,0.4308882339948129,2.0360168064830577,draw
561,1.719831223537611,0.46902909891336547,draw
562,0.28861790283387007,-0.523548461666695,loss
563,0.2254637395581708,-1.1609524462945788,draw
564,0.06794505544586064,-0.5981866472665774,win
565,-0.8978999612266242,-0.6130969685799222,draw
566,0.04862417007336854,-0.5602744918441965,win
567,-1.7750696090912144,0.028713808313806564,win
568,2.0015379867567398,0.7148863895167672,loss
569,1.386067082801773,0.7097731293722586,draw
570,-1.4740366510155793,0.410826155593601,win
571,0.23481017873372315,-0.5120813843779051,draw
572,-1.274618476233112,0.3219287369533354,draw
573,0.5453407158941247,-1.0511035551812953,draw
574,0.30224591631098285,-0.5684062046097956,win
575,-1.1743918014402321,0.24503163886084148,win
576,-0.22720033981702184,-0.7385757099784203,draw
577,-1.8222848534763925,0.07221183868108777,win
578,2.7894029240252523,0.25380539652735423,loss
579,1.846431490692226,0.566908321589836,loss
580,-2.3917396750764626,0.5749279509454241,win
581,-1.2670939195264197,0.8035067112004171,win
582,0.9496804837064661,-0.867252961258356,draw
583,0.17797670145088434,-0.9826835357143351,draw
584,-0.12812460428333033,-0.7012210337956161,win
585,0.042438688081878284,-0.9721616103692982,loss
586,-1.1314229166297463,0.4625698348576828,draw
587,1.4476646619588227,0.3457771136225401,draw
588,1.118896067841856,0.28436003205093413,draw
589,-0.4470134170081503,-0.6129232058333339,draw
590,0.5382794434725154,-0.9375592629937376,loss
591,1.1198644226789478,0.38799347882713325,loss
592,-0.6793650902595799,-0.9339726332431367,win
593,0.6925110716421152,0.1959062674324026,loss
594,-0.2780585416605958,-0.8477521627760705,win
595,2.1067941164303776,0.13184096195233888,loss
596,0.5757924445225313,-0.9295074765909175,loss
597,-1.7120216950882918,0.5030298971468368,win
598,1.0393641947705148,1.5677357695401481,draw
599,-1.332157708549606,0.3842150859250033,draw
600,-0.7395404389324356,-0.9968514630023662,win
601,-0.1903722342792969,-1.0059048134342168,loss
602,-0.5002391161587066,-0.6017703237731387,win
603,-0.2701813058639943,-0.9187415275483257,draw
604,-0.510826885640965,0.4964376152663853,draw
605,-0.43153122142339567,-0.7241763991544703,draw
606,-2.3402111931887193,0.8342255384748475,win
607,1.168560107083396,0.2721590966150901,win
608,-0.2940882089348783,1.287613943521099,win
609,-1.34420799532815,0.5458514320085396,win
610,1.268308340617663,0.3309109670664228,loss
611,-0.06437934579660844,-0.7759749615375526,draw
612,-1.5427369289595658,0.35156328195713327,win
613,-0.4986280350913988,-0.5382530332259833,win
614,1.1681679777565195,0.28645382575330686,loss
615,-0.11598646116611572,-0.8879096448948366,draw
616,-0.2653509529247935,-1.0477976381534901,win
617,-1.6232555519297411,0.5065618311104824,win
618,1.2776555570091732,0.43953665592702185,draw
619,1.801799177260467,0.1759788705064384,win
620,0.03974512809384146,-0.8317546626099774,draw
621,0.9934727632194856,0.27281074831779106,win
622,2.779116089051831,0.362106109076861,loss
623,0.5621304779268125,-0.20346195648280682,win
624,-0.5528859449943695,0.5553756156121987,loss
625,-0.08271831362595097,-0.7951875182040548,draw
626,-0.7679209025545906,-0.4903650409919604,draw
627,0.31949187391549655,-0.8412401209062723,draw
628,-2.3180808373046937,0.26767447625783414,win
629,-0.49298945633632607,1.5726252554776439,win
630,2.2416438433937307,0.6119724313792512,draw
631,0.11503971441220048,-0.7601097730619105,loss
632,-0.5490931593774909,-0.7455836119973261,win
633,-0.30042484304271155,-0.6479218558197377,win
634,-1.1220394426967475,-0.8005767920569506,draw
635,-1.6106870307767074,0.2597593775867511,win
636,-1.38969835908061,0.20422108949660558,win
637,0.14325874367806968,-0.3581294500188852,draw
638,0.3425385416270685,1.9695274693783729,draw
639,0.5738036563367303,0.4910979933010709,win
640,-1.0406335484262184,1.9182393947820582,win
641,0.3736704227165714,-0.6175422342264649,win
642,-0.17924319164036842,-0.6609653348333829,win
643,-0.23564125476654002,-0.9043953885525399,draw
644,-0.04334836097609453,-0.9402182363673061,win
645,-1.0564704318308937,0.41714861322109614,win
646,-0.44073189965611653,-0.8555256192120838,win
647,1.555659342158967,0.4340948212514743,win
648,1.7558859686807167,0.3968154924972002,loss
649,-1.916405322563035,0.42611077653629675,win
650,-0.7420561676823011,-0.8954457782942487,draw
651,0.164894577672444,-0.9381918256621183,loss
652,1.2411334613173148,-0.36954297146181936,draw
653,-2.1328140975906003,0.49263827118166736,win
654,-0.2023087504856274,-0.63376080610364,draw
655,-0.7383946186057183,-0.4754386784691216,win
656,0.692142739810082,-0.8395571405206694,win
657,2.153047240227184,0.3341981242528288,loss
658,0.0689446548098782,2.0588827940275203,win
659,0.3413065248409478,1.149879363482437,loss
660,-0.10603337524389432,-0.39650746662813563,win
661,-1.4564933585601092,0.3203221391067344,win
662,-0.37990693863360003,-0.7683529524993639,draw
663,-0.17989301966322024,-0.9893594024279767,win
664,-0.7593039244935834,-0.48264443293817083,draw
665,-0.8624247953188997,-0.6086174080668557,win
666,-1.7983084087289865,0.13226824017819516,win
667,1.5385706163144255,0.12424102700053298,win
668,-0.4259398846495274,1.1126779969982268,win
669,1.688942860143942,0.2660977149009563,loss
670,-0.20929603901824526,0.8866505934436634,win
671,-0.4618111976150094,-0.8871834722913216,draw
672,1.6142290330302358,-1.0142947197478631,loss
673,-0.38407173676529255,-0.8976488153865597,win
674,0.2184559341230336,-0.787405389363341,loss
675,-0.6093050356139129,-0.550130826368812,win
676,-1.6448790110900071,0.6962255252471647,win
677,-0.2170789254973285,0.0230336392158821,win
678,2.097889360027771,0.6410807766305946,loss
679,1.4523209747250445,0.05824644241683474,loss
680,0.9429577879138921,-0.5450754516024605,loss
681,-0.19578308020698665,-1.3879442847850922,win
682,1.313078924954374,-0.3629812702490969,loss
683,-1.366550353265762,0.24710692633623882,win
684,1.1822073076015462,0.3287694471932712,loss
685,0.41290020561382174,-1.410173814217972,loss
686,-0.10270522029594076,-0.40358652279120194,win
687,-1.3740237355730711,-0.08558767192571477,win
688,0.2243337475985951,-0.6448467407950297,loss
689,0.4381574790925279,-0.8329050774440669,draw
690,-0.5813335692968347,-0.6648171868654664,win
691,1.1711891990434413,0.2213446524638748,loss
692,-2.0347806664916557,-0.1276942003471434,win
693,-0.06371920443146525,1.6029027360883004,loss
694,0.9712039419601285,-0.005391888197323855,draw
695,1.4682201609299947,0.12846632805703254,loss
696,0.15481229450267617,-1.6310775907242054,draw
697,-0.08163518136173123,-0.7583342299595243,draw
698,-0.20818720144940667,-0.7022428808247159,draw
699,-0.7186632602698895,-0.8836985897831586,loss
700,0.382230482093911,-0.8548098963391901,loss
701,-0.39214953693322935,1.2886412876533428,loss
702,-0.03986354751119492,0.2741675997665557,win
703,-1.604106645233025,-0.32376775429591026,draw
704,1.0375451340799973,0.09530589320584827,loss
705,-0.3413619133429688,-0.8578417540055743,win
706,0.5791358798856641,-0.7273498854025525,draw
707,0.0783006009219874,-0.9997019996847303,win
708,0.8398552124569854,-0.28497281961372567,win
709,-1.6191026730483489,0.06949008577977041,win
710,1.3258250287291964,1.2297061366899067,loss
711,1.4128477500021037,-0.15899906379045242,win
712,-1.0013029466521197,-0.7612014934162372,loss
713,-0.0034949707040744086,-1.0761720548249778,draw
714,1.1313562844727587,-0.17442676423126707,draw
715,1.165046401336805,-0.15044456873671835,loss
716,-0.01127785309278941,-0.5824005027857164,draw
717,1.6600781724704763,0.019958830323264082,loss
718,1.6479283326657503,-0.3324466121661004,draw
719,0.071293042770389,-1.33174932608462,draw
720,1.2018694136474637,-1.0598679272551128,draw
721,-0.9827318793837089,-0.3443373941276779,win
722,-2.3362760302212124,0.14472749032420565,win
723,-0.4085469871914094,-0.9619389682179588,win
724,-1.68550663891895,0.2203356779027988,draw
725,-0.053576803844506,-0.6098903814503799,win
726,-0.010322454381445242,-1.1308249360049905,loss
727,-0.9911340778861101,-1.2990551322619235,loss
728,-0.5940813268136379,-0.9289436417121519,draw
729,-0.7111773042674109,-0.7490166016628288,win
730,1.121303541769087,-0.4175758962300124,loss
731,2.1098102830130636,-0.037030091768731954,loss
732,-0.6477953913284068,0.48247641813927444,win
733,-0.8071131529016603,0.18698845681412116,win
734,0.3333060059048272,-0.5842810357224721,win
735,0.9268833779424065,-0.9637075527229987,loss
736,-0.7518536192983533,-0.7059450684752044,win
737,-0.2440834974494603,-1.0318278300616348,win
738,1.1908772554673301,-0.5260346521108957,win
739,-0.010757416669681144,-1.0977690659253363,loss
740,-0.36291821720174144,-0.647816280039875,draw
741,-0.674357539146944,-0.1702401972269507,draw
742,-1.4398586695196924,-0.06533268398249721,win
743,0.466548809388675,0.9407614442253485,win
744,1.0265339943145735,-0.17178514593817923,loss
745,-1.1902341611606553,0.24224570327775524,draw
746,0.4967261760669597,0.15150872592961884,win
747,-0.8110020614716152,0.033087367690016266,win
748,-0.3213002782239422,0.17001412365922774,win
749,1.1840861680431796,-0.5482851122816568,draw
750,-0.031010430229052574,-1.5615805883155358,loss
751,-0.34600718458917895,0.24222898720423403,win
752,0.40547340627628503,0.02670009907148027,win
753,-0.8061112309197516,-1.1721870713118658,win
754,-0.4388224393131788,-0.7848065058367385,loss
755,-0.9663116585295789,-0.5481825486975694,win
756,2.2719675360002514,-0.38348718837012596,loss
757,1.359125973836433,-0.2807795819438625,loss
758,-2.9300540921264098,0.7081242151496031,win
759,1.0963170747535949,-0.7629943985464135,win
760,-0.7418394436865323,0.5730679252773959,win
761,1.2928159599752498,0.5420627205203773,loss
762,2.823251181725738,0.4681093635999132,loss
763,-0.892590494496397,-0.08837061461327898,win
764,0.18183368066308883,-0.45998920545596067,loss
765,-0.72185029512186,-0.31846530763022385,win
766,0.02166169412534171,-0.2884663197232596,draw
767,0.2584481517567665,-0.2770214448912374,draw
768,-2.4435187392932405,0.7153653188358641,win
769,1.2302375659623688,1.3179163776156675,loss
770,1.6712132688153698,-0.28525317166807407,draw
771,-0.532429558228591,0.06139038428369874,win
772,-1.5693812213729121,0.7002316236463445,win
773,-0.17112091568248355,-0.4897809320402887,win
774,0.717744837204452,-0.374763673386624,loss
775,-0.49522278854493995,1.521873420826125,win
776,-2.2293313121423184,1.3092246307490139,win
777,0.33089385486065487,-0.20067875453449124,loss
778,0.09539145175665824,0.41640442949587586,win
779,1.7420128743622356,1.0291099915119573,loss
780,1.4848493892687573,0.8437298835196476,draw
781,0.271722280393226,-0.5277393562539082,loss
782,-0.701991250067908,0.12799220522596347,draw
783,0.3841189977095883,-0.9475999481121391,draw
784,-1.0890766072458589,0.05233310885779295,win
785,-1.7091786001842584,0.8018815387930218,win
786,0.13263449586727186,0.0827457687211738,win
787,-0.29183516230735995,-0.34658940194745813,win
788,1.3795955940380853,0.37102252438629785,loss
789,0.4536158768766926,1.34215238803517,loss
790,0.959332209079143,1.0527968242991892,loss
791,0.2735573972150261,-0.6327541978563267,loss
792,-0.30104853201480297,0.8331393014058938,win
793,-0.859259044604347,-0.6128754103163782,draw
794,1.1295751216236671,0.1404058186707358,loss
795,-0.16603379962661022,-0.09426723692598946,draw
796,-1.8664424232097414,0.7975466965080559,win
797,1.1629855268682343,0.1247048827003837,loss
798,1.042499033779725,0.7863661674353694,win
799,1.8628350025259537,0.24511224584043131,loss
800,0.9059989334594587,1.9423941510604865,loss
801,-2.228126687446754,1.168899526543264,win
802,1.4331519864770015,-0.013618373908061115,loss
803,-0.03093255409554167,0.2697892741846601,win
804,-1.9098104476702262,0.583406405784491,win
805,0.17138501322436062,-0.728933117820385,loss
806,1.3992441965994908,0.7758226145480932,loss
807,-1.2897522250243525,-0.313518874554382,win
808,-0.5104806540887494,-0.33422797061128995,loss
809,-0.06391953418405505,-0.0820702709346376,draw
810,0.7254758692451059,-0.0465921806472233,draw
811,-0.39880182461040714,-0.2926436541196028,win
812,0.21842685868817568,-0.6140644708317297,draw
813,-1.2703363693138097,0.7472337098994857,win
814,-0.9150521554125588,-0.5427081683191026,win
815,-0.6119004069093872,0.25950191530597166,draw
816,2.46836411528489,0.7621208344266984,loss
817,0.7920331911049636,0.4821614894952706,loss
818,1.6284401064763554,0.42288293201211485,draw
819,-0.8509168383218388,0.24724708894226538,win
820,0.42769499367672964,0.029881881526877357,win
821,0.12946858787866763,1.1450022682684675,win
822,2.7932805478245677,0.41638712051877624,loss
823,-1.2232914852991845,-0.4219413927033706,win
824,-0.14386074360490309,-0.37576280952173513,win
825,0.8092689481958015,-0.41957120053281616,loss
826,-2.319119437820614,0.8835502000702106,win
827,0.6634415865800454,2.1642835721844036,draw
828,-0.7087488455152903,-0.7552706961222327,loss
829,-0.5108006201310558,-0.2763027051281416,win
830,0.14155766345102083,-0.48201294054430943,win
831,-1.5329162326120835,0.4472291091485504,win
832,0.814279643887071,0.2736471939803261,loss
833,0.276532660804482,-0.3596820563688204,loss
834,-0.1041377486238225,-0.162980078466349,loss
835,-0.198314260261998,-0.7031259735586274,draw
836,-1.0046617532970485,0.28167933987882326,win
837,1.2958988497179558,0.34148359834780945,loss
838,2.353540298660488,1.1048337159915844,loss
839,-0.08460265544131575,2.333385095785102,draw
840,-1.0682834959262335,1.3348464577307664,draw
841,-3.000028335910214,1.500303428001383,win
842,0.053361932637847866,-0.3729963538108627,loss
843,0.03848106129275701,-0.5937651141682774,win
844,1.2845952471909994,0.39047805347496334,loss
845,0.02652712149165876,-0.3603848117581889,draw
846,-0.29721375103551056,-0.567256373721045,loss
847,2.176798033682738,0.546812997582363,loss
848,-0.2054274823129885,-0.23673071896168033,win
849,-1.509839420977211,0.844029943770184,win
850,-0.27812223254839247,-0.45384805213827206,win
851,1.1738548351935936,-0.49014811345756054,loss
852,-0.4846943867169633,-0.7022792726700235,draw
853,-2.1896495442646793,0.8616232810564008,win
854,0.2742144316462212,-0.35448052414379333,win
855,-0.09363073430730984,-0.1229756077668356,draw
856,2.7617977782687246,0.7649076294376632,loss
857,0.9630600005958109,0.6432807363212383,draw
858,-0.7589832053360587,0.46248821467656137,win
859,1.2491812536635387,2.057097298898819,loss
860,1.4620674492793375,0.9658711610700954,loss
861,-1.1604057327226414,-0.3906309224870317,win
862,-0.6168063785056465,-0.33999761927751837,win
863,1.1468862477567483,-0.3561404170448436,loss
864,0.906305839583181,-0.17205039974107425,win
865,0.15575872801617135,1.7844081948562163,draw
866,1.1438223373258425,0.9526477920666838,loss
867,-1.1880269563231358,1.2834375147789099,win
868,-1.3974339535932743,0.5960083669651675,win
869,-0.1411708731903966,-1.0922631874846815,win
870,-0.35346468011591575,-0.6418339099003731,win
871,-0.49485723878048793,-0.5754165595856118,draw
872,0.9194906850237139,-0.4505033939874228,draw
873,0.45294482272433206,-0.28563796882174275,draw
874,0.785414658096182,0.18298397574443442,win
875,1.7870837082712558,0.535818926679472,loss
876,-1.8587370943824457,0.37750574529829956,win
877,-1.291838454888668,0.509243722055947,draw
878,-0.506106177008407,0.586731520955891,draw
879,-0.5880987668349169,1.7708743919424061,win
880,-1.3475541820352606,-0.26616269293133443,win
881,1.980351246241074,0.9581851897787946,loss
882,0.40579008449024784,-0.618436548271168,win
883,2.183843891120891,0.9828572803682297,loss
884,-0.8186388312307196,0.15763896276560035,draw
885,0.5350961045865904,-0.44625550028294925,draw
886,-0.9625673996932217,2.1427196771623462,win
887,0.9873396511803586,0.45063337633911427,loss
888,0.23774657633990395,-0.5558452376705207,loss
889,0.17621812413896473,-0.4649468435211487,loss
890,0.40556188152909906,-0.5431861702907609,win
891,-2.058149135576724,1.2747223119930506,win
892,0.39230144210209794,-0.18929800964128168,loss
893,0.0800798562844813,-0.6657556486286211,loss
894,-0.2391940752734562,-0.2241114978677565,win
895,-1.0288507179522608,-0.67291811903994,win
896,1.5717583063217633,0.015105467174208811,draw
897,-2.1204749820448394,0.33610620760796317,win
898,-0.6125011189760288,1.76741556394708,win
899,-1.3843660615115716,1.3037251823633202,win
900,-0.09668065691305021,-0.4249664195384698,win
901,-0.05139303456909975,-0.29961021367468993,win
902,0.5209113610695859,-0.3149627536302256,win
903,2.297525700567153,1.5578699467180914,loss
904,-0.14937583689171308,-0.5651795165060625,draw
905,-0.7137575520829803,-0.002272955135609638,draw
906,2.1588507339592478,0.7735591210347591,loss
907,2.016403473823145,0.6906268902807475,win
908,0.27744096222557424,1.126304783534631,draw
909,-0.9030421164700636,0.8143687799148149,win
910,2.2061632130957274,0.7780960653247342,loss
911,-1.8088368989387036,0.3940918210534046,win
912,-0.3661408905524308,-0.4904416299078702,win
913,-1.5299014343988635,0.019807859064981573,win
914,-0.044503573425013605,-0.7916839755942723,win
915,-0.1827707536052811,-0.42184533211879793,win
916,0.3633935179580459,1.8609363104953245,win
917,1.284129509956274,0.47710010557677196,loss
918,0.5951663052828234,-0.39478876582898625,loss
919,-0.4847608568921819,-0.12050182433494243,draw
920,-0.746494945795681,1.4481248965855331,win
921,-0.5106016157518866,-0.4892923817825136,win
922,0.537166580060078,-0.5377518901600166,loss
923,-1.913022141508787,0.3815545666421333,win
924,0.66923759338253,-0.2829924430005831,win
925,0.3170917068531023,-0.5755851796171377,win
926,0.5532391370527362,-0.7180037186960212,loss
927,2.5375488739610663,0.4526253403918513,loss
928,0.7305630205462963,0.40413685105240804,win
929,-1.2405440991136096,1.7548241204490698,win
930,1.9623023030925053,1.138795041814443,loss
931,-1.250775142482648,0.2351297237109034,win
932,-1.3526003009356777,0.7524834076819604,loss
933,-0.19861589215389688,-0.6649905872036708,win
934,-0.08390462764386722,-1.002273821416136,draw
935,0.3954897165774233,0.0931403245808934,loss
936,-1.4853837851753748,1.0580764228083808,loss
937,0.7548519580336307,-0.2952256403566,loss
938,0.44611327723225436,0.003048451906138626,loss
939,1.299898938217046,0.7692765302721106,loss
940,0.4505334583564204,-0.7171983361151427,draw
941,1.1594376815508471,1.0776186676006578,win
942,0.441072598713495,-0.3623729965528373,loss
943,-0.9723305504416794,-0.03610945983980267,win
944,-2.4782344731788926,1.3654598650449954,win
945,-0.29222107156057037,-0.502167092034554,draw
946,-1.3652572962573515,0.5477132267720652,win
947,1.18951187372298,0.1372937875326393,draw
948,1.2156484253759914,0.7519357477134386,loss
949,0.016921278257823757,-0.35868041155475516,loss
950,-0.25414364509740056,0.36201098856485214,loss
951,-0.4178267539478715,-0.5223136329787018,draw
952,-0.3652690235335813,-0.649966572098611,win
953,-0.766979364813076,-0.9038642171145143,win
954,-0.4579270574840833,-0.4436156984060741,loss
955,-1.1787844169031798,2.3581446804287576,win
956,1.5262892960880654,0.29091656040435526,loss
957,-0.022939879089615745,-0.44115182979123685,win
958,2.427187964737467,0.7614825978413944,loss
959,-1.488358163361213,0.11952056189797289,win
960,-0.07296894601948045,-0.4176257311676598,loss
961,-1.9841338555291261,0.6824714423064624,win
962,1.491296242839582,0.35663687143664446,loss
963,-0.2657362362926838,-0.13380628752166837,draw
964,0.6422872879342313,-0.2524421120649817,loss
965,-1.3705521046949845,0.20539411630805252,draw
966,0.13774561942607827,-0.7432134493335757,draw
967,1.1974073953242583,-0.5200203213084299,loss
968,1.5681825266860785,0.17201051963220082,loss
969,0.1731111111336943,2.617972856691052,win
970,1.2593518296939803,0.2524911242723828,win
971,-0.3928136377860671,-1.2926917152477433,draw
972,3.115340941308838,1.034255704702132,loss
973,-0.5161914987854316,-0.645094753429977,win
974,0.4300371053015333,-0.2642811075133393,loss
975,-0.3070458640900962,-0.26632314744178215,loss
976,-1.2181703344103534,0.3026184303638898,win
977,-0.3701786332443036,-0.34772757110152064,win
978,-0.5736605113134183,1.3370004241791769,loss
979,-1.5634106877594822,0.8594243978868151,win
980,-0.14006094558671267,-0.06763481687294333,win
981,0.0732969216893186,-0.5655471238570091,win
982,0.38713777322440535,-0.21463179473572538,draw
983,0.1412015309232054,-0.644867671877886,win
984,-1.549404480007883,0.22916738555425914,win
985,-0.7610723697096436,-0.45474863510252406,win
986,-1.327180844246036,1.2825909708234233,win
987,-0.1532044507758284,1.6969490887617118,win
988,1.9913742959204128,0.5447486161270552,loss
989,1.805863613302755,0.4093336988917056,loss
990,-1.6256065733640501,0.2194442686319603,win
991,0.3512515857298292,-0.26165522088283116,win
992,1.1600430132430792,-0.8390467370289679,loss
993,-0.7786777159348048,-0.4047580569789861,win
994,-1.7606611421331306,0.40597923745705133,draw
995,1.9849633544205945,0.948684341163174,win
996,0.1334852471040899,-0.595728108272068,draw
997,1.391652228935491,0.7644196268881702,win
998,-0.5323417162176617,0.8097847240872567,draw
999,-1.0290401155643256,0.5627829222835845,win
1000,-1.281605427315346,0.5294715328219743,win
1001,-2.0654954262488823,0.39639598295705103,win
1002,-0.13633946825178006,-0.4812822254965453,draw
1003,-0.08104202498194377,-0.15634958412240887,loss
1004,-0.4478134942796606,-0.5041050890351672,draw
1005,-0.3546219477290166,-0.5016880326952645,win
1006,-0.37180813679224595,-0.6627821398872562,win
1007,0.9259664352163229,0.5111336943891636,loss
1008,-1.0916572081925011,1.8915246069481002,win
1009,1.7822908312419694,0.9640406324629531,draw
1010,2.0780059230454744,1.1956113597152278,loss
1011,1.6238842615393818,0.4693082857360195,loss
1012,0.31217813052656385,-0.2978594711697144,win
1013,-0.09957281161704346,-0.17439221398450366,draw
1014,-0.6240719914020733,-0.6520353751797524,loss
1015,2.4021647178925116,-0.06127688922567806,loss
1016,-2.1345497819401764,1.0682363118505076,win
1017,0.18729289819677297,-0.3514455494843018,loss
1018,0.4231926051072034,0.7783905928752058,win
1019,-1.373175877353367,2.5057035232101326,win
1020,-0.8796989325805543,-0.27740863780635605,draw
1021,0.8022866027625215,-0.15266325704747014,loss
1022,-0.9970420443362716,-0.5815586316705786,win
1023,0.9059942394075751,0.23169842054278794,win
1024,-0.403899846701328,-0.1760171011957924,draw
1025,-1.1747624475065257,-0.9627362065539976,win
1026,0.47633507166117617,-0.28428851671884336,loss
1027,-1.32642808986009,0.4594199743397473,win
1028,0.14423113533770068,1.619177482718432,draw
1029,0.046797263920569515,-0.7369375792994607,loss
1030,-0.17242985450647869,-0.471895124541661,win
1031,0.23053976211862515,-1.0442071474476922,win
1032,-0.08298814543287851,-0.6686560520144695,win
1033,-1.387032264863025,0.54403910515708,win
1034,-0.5432868827438497,-0.903500998824039,win
1035,-2.287629763809372,1.362391976045117,win
1036,-1.7387958277712046,1.4237645709572875,win
1037,-0.25235161793561894,1.3678526790485972,win
1038,1.1547127174485827,0.47936354894549643,loss
1039,0.5980302270718592,2.3595759722055125,draw
1040,2.5358169385704454,0.891472383844108,loss
1041,-0.7561519746639674,-1.3751091934799093,win
1042,-0.7559791799567094,-0.10446635456376017,win
1043,-1.5240075408368905,0.43052087203837025,win
1044,-0.506820630473961,-0.6693261068562154,loss
1045,0.02411179404781771,-0.41931763310065134,win
1046,-0.23784519344084626,-0.3163291400863404,win
1047,1.8488128195452485,0.26214437007112007,loss
1048,1.2885315664684167,0.8948590895742673,draw
1049,-0.8060299128003309,-0.8530265219841247,loss
1050,-0.06258242875297473,-0.45220684365723535,win
1051,0.9656796644759922,-1.2623390912784358,loss
1052,1.0283039210422342,0.7462669172404404,win
1053,-0.05299941206526704,-0.2574360550188304,win
1054,-1.1514335864619882,-0.9380847540224381,win
1055,-2.3101422635029665,1.4598639816943704,win
1056,-2.5314768560947964,1.200237394565457,win
1057,-1.2585392020963226,0.7428191557777793,draw
1058,0.7034571469225663,2.260015763099139,win
1059,0.013976171095814548,-0.6272024468433788,draw
1060,-0.9147885371528858,-0.9795789032844024,win
1061,0.513985174555637,-0.5802021342089645,loss
1062,2.7815906972873625,0.7039013226951281,loss
1063,0.7115878046419144,1.0240900084849711,win
1064,2.473600551115665,0.6371103529790657,loss
1065,-1.110809728090458,0.7673591282711859,win
1066,-0.7939156262873538,-0.49651712734004827,win
1067,-1.325137894375679,-0.973911782711635,win
1068,0.45897362879912107,-0.5737575118016145,win
1069,0.34520296165242675,-0.975173456933806,loss
1070,1.4920185665465229,-0.4600000783715208,loss
1071,2.7452110316888603,0.6841386913967819,loss
1072,-0.5281130209257427,2.1852837384344537,win
1073,-1.5277721734421013,0.34019816805286685,win
1074,1.21573712044808,0.9799845447825822,win
1075,-0.41809994032713516,-0.7950193346867821,win
1076,-2.2198558999946902,0.5451561710714158,win
1077,-1.3953707633994183,0.8301805423747911,win
1078,-2.6898747724013283,1.0582853457231522,win
1079,1.9534050384188344,0.9754155863420468,loss
1080,0.3609296221054337,-0.567766751187167,loss
1081,1.823013750397888,-0.48575354214169064,loss
1082,-0.0854667480087562,-0.7969713401036911,loss
1083,0.2438710224170089,0.857102193055496,win
1084,-1.8257695907811058,0.7032035576709961,win
1085,-0.24493810211379413,-0.5078587811357017,loss
1086,-2.1836180351363073,0.2792163915075188,win
1087,0.8241238973368538,-0.8097719112984076,loss
1088,-1.171684152039447,-0.5568658548429201,win
1089,-0.37749223110721836,-0.23652023370409098,win
1090,0.49951111889049365,-0.8711769869669578,win
1091,-1.21266001686331,0.4780498533148861,win
1092,2.5845793698413133,1.2165060234955294,loss
1093,-0.1265142722059957,2.419580629692449,win
1094,2.1713692207462345,1.0409756875309508,loss
1095,-0.05692412676085624,-0.9520717646780937,loss
1096,-0.4579810086313845,2.3406198364013373,win
1097,0.9540062942316848,-1.1747750382970692,loss
1098,0.2805394340455349,-0.49383815749084764,draw
1099,-1.1399420208266842,-0.43912946120094587,draw
1100,-0.38666651752069997,-0.6765611578312798,loss
1101,-0.27334780948856263,-0.7581029570676675,win
1102,0.21341015377849415,0.37947924320238346,win
1103,-0.6227316847981834,1.0116974618591053,loss
1104,2.1601234292943174,1.4185371409611838,loss
1105,-1.2560831255891154,0.6062499796063686,draw
1106,-1.8574124687208686,0.22116675249439086,win
1107,-0.09470908436899748,-0.35795040909487125,draw
1108,1.8323094768344235,0.8547050973305731,win
1109,0.9399289554421157,1.6991539098683213,loss
1110,-2.9919071457920907,0.5500727266356654,win
1111,-0.7823656746635425,0.37631205939618656,loss
1112,-0.37804589290747775,-0.4728138450609531,draw
1113,0.6460527792812135,-1.214829739372306,win
1114,1.1487384501477511,-0.35342571346005885,draw
1115,0.7466882256519427,-0.1265045901434267,loss
1116,-0.2565022629431628,-1.0946344446451797,draw
1117,-0.3469963357161035,1.1714827068345952,win
1118,2.961307368841839,1.0083657787675175,loss
1119,0.364536389353647,1.9373930362594236,draw
1120,-0.6078950054760976,-0.4512090142000258,win
1121,0.9358569933483873,0.4225742980270194,win
1122,-0.3215129591743451,-0.9196005631249129,win
1123,-1.485190503023536,-0.7839658853254176,win
1124,0.22871294254729296,-0.6469189943756832,loss
1125,1.3352240375188673,0.9519673847048542,loss
1126,-1.7663845977300126,1.10835616087729,win
1127,1.7995103976805493,-0.533331676325714,draw
1128,-1.434937821956145,0.516216845285437,draw
1129,-0.9252846974643255,1.2662727052588019,win
1130,-0.9997996897695473,-0.4358614859828998,loss
1131,0.7968840482130454,-1.0629363517292643,loss
1132,0.02578787535124931,-0.20058170496301692,win
1133,-0.6865820756114352,-1.572563869197093,draw
1134,1.7526215849108349,0.15358370821086856,loss
1135,-0.6527359082844196,1.1509859306115187,win
1136,0.10910204442017502,0.49258144957168876,draw
1137,0.7318081726299611,-0.08601211545440687,loss
1138,2.357286299708557,0.7104923559420552,loss
1139,1.5025545952680421,0.2958580637193113,draw
